original_index,label,predict
22207,0,0
30355,9,9
29348,4,4
35583,5,5
36156,4,4
12297,6,6
30189,1,1
13609,5,5
16102,3,3
27815,9,9
28679,2,2
15276,2,2
13052,2,2
28588,3,3
11519,0,0
11107,8,8
9036,1,1
18916,4,4
24593,3,3
23239,8,8
18613,7,7
28494,5,5
756,6,6
37758,7,7
16369,9,9
24463,8,8
7566,7,7
33556,6,6
3377,0,0
20366,4,4
11769,6,6
15677,5,5
36804,4,4
25517,4,4
16136,2,2
33602,7,7
1487,6,6
4540,5,5
29473,6,6
21549,2,2
13888,4,4
34907,5,5
15632,8,8
13809,8,8
23965,6,6
37880,8,8
2883,8,8
853,2,2
2187,6,6
19356,6,6
19740,8,8
3366,8,8
26300,1,1
8621,6,6
26008,5,5
13991,8,8
4786,1,1
18286,1,1
29733,7,7
40841,6,6
27021,8,8
15696,9,9
13848,2,2
13186,0,0
38902,3,3
38334,2,2
36735,7,7
18610,4,4
40952,9,9
9419,7,7
22282,6,6
39283,0,0
10678,5,5
25302,8,8
11411,3,3
12640,9,9
3301,2,2
10451,6,6
8052,1,1
10394,8,8
16035,6,6
6,7,7
32856,1,1
14482,0,0
36508,5,5
3550,2,2
38578,6,6
7908,2,2
20501,6,6
13500,1,1
7058,2,2
25742,2,2
10278,0,0
7375,9,9
36580,7,7
36409,6,6
12684,8,8
24282,8,8
3805,6,6
39792,5,5
19374,9,9
33646,9,9
10694,9,9
29314,4,4
17965,9,9
36141,4,4
12687,3,3
35722,5,5
25500,6,6
3460,0,0
2866,3,3
5126,9,9
16846,1,1
26113,8,8
34587,4,4
41541,3,3
32074,6,6
4769,3,3
18551,9,9
5202,7,7
5405,4,4
23746,0,0
3506,2,2
2288,2,2
4153,4,4
39594,1,1
23762,1,1
14728,8,8
39068,4,4
40144,6,6
2298,4,4
33823,9,9
32202,9,9
1014,4,4
41798,4,4
19631,8,8
40881,9,9
18534,2,1
37777,0,0
11641,4,4
7808,6,6
26304,4,4
25964,9,9
33362,0,0
29820,5,5
41824,7,7
3779,7,7
39186,3,3
637,8,8
35187,5,5
39957,1,1
8170,9,9
27948,6,6
25930,1,1
2703,2,2
30403,9,9
38075,5,5
12145,9,9
40376,4,4
23797,6,6
11240,0,0
27306,5,5
13391,2,2
35449,2,2
38033,1,1
33035,0,0
34280,8,8
28094,4,4
35860,8,8
27413,9,9
40058,4,4
27292,7,7
36963,0,0
11556,3,3
19871,0,0
17747,3,3
29604,5,5
10982,4,4
39335,6,6
38446,6,6
17522,2,2
13592,7,7
37170,3,3
15430,4,4
28309,5,5
13793,1,1
877,8,8
24040,0,0
14641,8,8
32130,7,7
35721,7,7
35320,4,4
15050,1,1
8955,3,3
31112,9,9
31649,6,0
39461,7,7
34325,4,4
29753,2,2
21915,7,7
12436,9,9
35283,1,1
18996,0,0
24164,8,8
20551,6,6
11278,1,1
396,6,6
15967,6,6
8815,2,2
25595,5,5
5214,7,7
2171,2,2
37852,7,7
33171,3,3
6736,3,3
10827,7,7
18099,1,1
50,7,7
10250,8,8
41453,9,9
39038,9,9
36410,0,0
20201,1,1
39903,6,6
10131,9,9
37328,8,8
6069,7,7
38540,9,9
32497,1,1
31152,1,1
23000,9,9
16222,7,7
25260,1,1
35160,6,6
9733,4,4
37919,0,0
31722,1,1
37165,5,5
11457,6,6
37950,3,3
37265,7,7
31198,7,7
20883,9,9
4170,8,8
19453,1,1
17203,0,0
11727,0,0
20250,5,5
4559,2,2
36013,7,7
21906,5,5
39371,0,0
19861,3,3
8241,0,0
5120,9,9
6865,1,1
39265,1,1
14323,3,3
13849,5,5
34561,8,8
14367,1,1
31942,3,3
10362,4,4
1937,3,3
40312,7,7
36307,6,6
31463,7,7
16525,6,6
35904,5,5
18245,5,5
29790,8,8
15374,2,2
21304,2,2
21040,4,4
9306,4,4
27094,3,3
30188,4,4
7885,4,4
11422,3,3
21977,2,2
9369,6,6
9977,1,1
34221,0,0
20318,3,3
41351,9,9
21553,1,2
16573,6,6
20553,1,1
16509,1,1
32339,1,1
24601,5,5
18151,0,0
36767,4,4
20769,2,2
29809,6,6
22956,5,5
33288,6,6
14325,3,3
38200,2,2
12470,4,4
2832,6,6
7930,0,0
19023,2,2
8370,6,6
21372,2,2
38398,0,0
40252,5,5
20130,7,7
18520,8,8
35418,1,1
12901,4,4
33655,3,3
13659,8,8
38952,1,1
28313,6,6
17859,9,9
11090,0,0
34836,5,5
35750,5,5
21043,9,9
40116,0,0
40892,0,0
30163,2,2
36572,8,8
12333,8,8
35660,8,8
36061,2,2
22411,0,0
6703,9,9
22723,4,4
39128,2,2
9955,1,1
183,0,0
27623,2,2
9846,3,3
5422,0,0
1255,5,5
19311,7,7
13989,5,5
32158,5,5
19149,1,1
31592,6,6
26993,2,2
24717,2,2
26448,1,1
144,5,5
22225,6,6
26125,3,3
33862,3,3
1743,1,1
27722,4,4
20986,5,5
34548,9,9
21072,0,0
19241,3,3
29793,3,3
64,6,6
28021,7,7
14442,6,6
17734,0,0
37813,1,1
4913,9,9
27512,6,6
32084,1,1
29718,0,0
15602,2,2
9764,4,4
22342,7,7
20665,0,0
24849,3,3
10532,9,9
6991,0,0
5475,5,5
19825,3,3
6433,7,7
14372,4,4
10206,3,3
25143,3,3
35034,0,0
36891,6,6
16036,2,2
34461,8,8
10598,3,3
37808,9,9
2459,3,3
23146,5,5
20583,1,1
39802,9,9
5388,6,6
27099,4,4
32485,0,0
33057,5,5
13794,1,1
33759,5,5
37961,7,7
29163,2,2
16497,3,3
13050,4,4
37765,0,0
2672,7,7
29877,3,3
25698,6,6
28551,6,6
29808,8,8
3701,4,4
8636,2,2
6165,9,9
1615,2,2
1926,8,8
6443,3,3
10571,1,1
34379,5,5
28170,2,2
33707,9,9
13125,2,2
30245,1,1
13640,8,8
37104,0,0
13141,7,7
40104,9,9
17942,3,3
19099,1,1
26687,0,0
7844,1,1
6832,3,3
34782,6,6
41571,0,0
646,4,4
8663,7,7
23158,5,5
5146,1,1
20146,2,2
1547,1,1
21174,2,2
12163,9,9
2757,8,8
20210,2,2
29526,4,4
41513,0,0
16845,0,0
3580,1,1
1272,8,8
13346,4,4
23620,4,4
35161,0,0
35194,8,8
18375,2,2
2271,5,5
20478,6,6
38183,2,2
21147,2,2
33050,0,0
417,3,3
16787,8,8
32995,9,9
31090,4,4
38862,7,7
26424,6,6
41897,4,4
12067,2,2
21657,7,7
19465,1,1
36482,7,7
14335,6,6
35448,1,1
13231,6,6
15327,8,8
11747,1,1
30237,8,8
40379,1,1
33522,9,9
31676,8,8
5346,7,7
15942,0,0
19499,9,9
28714,0,0
39624,6,6
34000,1,1
6574,9,9
19741,5,5
32629,9,9
23033,3,3
9806,4,4
17400,9,9
20898,4,4
35727,0,0
16063,1,1
27216,7,7
39723,2,2
32124,5,5
10866,3,3
18519,8,8
28522,8,8
40029,8,8
13811,1,1
41596,5,5
17786,1,1
6797,9,9
16618,2,2
36619,3,3
29487,2,2
14023,4,4
7336,6,6
5788,0,0
16219,5,5
15173,8,8
2548,7,7
23113,9,9
17681,7,7
38905,8,8
38646,4,4
19936,8,8
27352,8,8
31389,8,8
25103,5,5
2377,3,3
2480,1,1
12224,3,3
33045,1,1
15620,3,3
40767,1,1
35773,4,4
34251,6,6
14162,1,1
40344,0,0
30208,9,9
9238,9,9
32919,5,5
13520,1,1
19860,2,2
34859,0,0
39028,3,3
17018,6,6
5960,8,8
12818,3,3
19055,5,5
14116,5,5
37782,1,1
18752,6,6
17152,2,2
40181,3,3
18726,4,4
37268,0,0
39117,9,9
28848,2,2
28232,4,4
3767,6,6
20483,1,1
14376,7,7
38442,1,1
8937,5,5
34229,1,1
11021,1,1
32778,1,1
11882,4,4
38083,3,3
41208,9,9
6113,9,9
12223,5,5
25695,8,8
22299,0,0
37994,9,9
38227,8,8
38321,0,0
15124,0,0
23949,8,8
13334,5,5
18336,9,9
25040,7,7
16766,5,5
15644,5,5
3571,3,3
33118,7,7
20878,7,7
38451,9,9
3588,1,1
9007,7,2
26924,9,9
32309,6,6
26074,6,6
26582,3,3
5065,2,2
21712,7,7
18332,4,4
40452,0,0
35145,2,2
24564,7,7
28788,1,1
24097,5,5
5443,7,7
37303,6,6
8149,7,7
24940,3,3
35831,6,6
26315,4,4
24971,2,8
22532,5,5
25057,4,4
21992,4,4
37683,1,1
8610,4,4
5206,2,2
34230,3,3
20975,4,4
40237,9,9
37327,4,4
35838,8,8
8539,5,5
8156,4,4
7071,3,3
10616,0,0
39584,2,2
9465,7,7
32555,7,7
31836,0,0
30244,0,0
7586,0,0
33735,9,9
19911,8,8
31868,3,3
7450,4,4
34981,3,3
30033,4,4
19336,1,1
21838,8,8
35039,0,0
26185,6,6
9051,3,3
30667,9,9
13589,6,6
12629,5,5
3923,9,9
4962,2,2
25420,4,4
19967,8,8
10412,5,5
24012,3,3
19780,6,6
12668,0,0
1900,2,2
3172,1,1
14187,7,7
32381,0,0
19120,9,9
40992,5,5
35754,2,2
16272,6,6
40408,7,7
11206,6,6
20636,9,9
39292,8,8
13643,4,4
17993,4,4
39430,0,0
23687,2,2
17025,7,7
12759,7,7
2808,5,5
11633,0,0
19316,2,2
41375,4,4
12265,5,5
25105,7,7
40336,2,2
32090,7,7
21257,7,7
1087,1,1
7101,3,3
9231,2,2
8399,5,5
9245,2,2
10607,3,3
22718,3,3
40278,7,7
2582,1,1
29356,9,9
36685,6,6
9597,8,8
27368,4,4
34369,3,3
34940,2,2
1603,3,3
41676,3,3
35955,1,1
11597,6,6
36004,2,2
25948,2,2
38892,9,9
17656,7,2
8069,4,4
36127,3,3
26661,2,2
15944,4,4
22962,3,3
14670,8,8
12942,5,5
36384,4,4
38417,4,4
11832,3,3
18316,9,8
811,7,7
8507,8,8
19835,0,0
18343,8,8
1078,2,2
8415,7,2
4241,3,3
14729,5,5
5985,5,5
6432,0,0
18025,5,5
8999,9,9
13877,1,1
21,6,6
36956,4,4
7632,4,4
32966,1,1
28414,8,8
17120,9,9
40902,0,0
13004,0,0
17362,7,7
2372,9,4
25058,3,3
11271,8,8
34350,2,2
1651,2,2
38429,8,8
15281,4,9
21442,2,2
39176,6,6
4314,0,0
27573,8,8
23339,1,1
10645,6,6
13203,9,9
20046,0,0
35265,1,1
31907,4,4
14888,9,9
23990,3,3
2993,8,8
37729,3,3
38356,6,6
24909,0,0
6328,4,4
23634,6,6
40739,1,1
8653,3,3
31777,6,6
2906,8,8
22446,3,3
2569,2,2
5090,2,2
9382,7,7
13353,1,1
38412,8,8
25751,3,3
19691,0,0
9511,8,8
35512,4,4
34474,5,5
22488,5,5
31759,1,1
7150,0,0
36755,0,0
30361,0,0
13716,0,0
31559,8,8
41518,8,8
3491,6,6
1033,6,6
3295,8,8
26940,8,8
2851,0,0
7931,6,6
7053,9,9
4661,9,9
29738,5,5
9341,0,0
1630,6,6
18272,3,3
9105,7,7
13964,3,3
32270,1,1
25371,0,0
40655,2,2
7441,3,3
21004,6,6
93,6,6
24937,1,1
25802,7,7
12243,8,8
30493,5,5
8351,0,0
25089,3,3
26165,9,9
7878,9,9
16077,6,6
24479,1,1
24941,6,6
32285,7,7
7891,4,4
16657,3,3
8880,4,4
28385,8,8
28528,8,8
17023,7,7
440,8,8
29848,2,2
14636,3,3
28537,9,9
13567,7,7
8046,7,7
39402,2,2
1218,1,1
22420,4,4
1904,5,5
28023,0,0
30303,4,4
5612,9,9
17491,5,5
13123,7,2
29415,5,5
3462,6,6
23612,4,4
2579,8,8
14835,3,3
2927,8,8
34513,6,6
37972,3,3
28287,4,4
14657,1,1
17236,0,0
18941,4,4
17512,3,3
38804,4,4
7130,3,3
2736,9,9
18356,6,6
18032,4,4
26514,4,4
1954,3,3
24783,7,7
19777,1,1
29976,5,5
11182,7,7
13347,7,7
13552,1,1
9388,1,1
38828,9,9
32621,0,0
26191,6,6
19459,7,7
37456,2,2
2212,6,6
28341,6,6
8406,4,4
40154,6,6
32117,5,5
19497,1,1
871,7,7
18896,4,4
37543,5,5
37400,2,2
2870,3,3
35975,3,3
30872,1,1
16908,4,4
14073,0,0
41043,5,5
26334,5,5
36090,0,0
35362,2,2
25167,2,2
16961,9,9
24169,4,4
17353,0,0
20000,3,3
40175,9,9
24976,1,1
25533,3,3
38526,4,4
35769,1,1
152,1,1
331,8,8
18164,2,2
15108,9,9
40035,6,6
10196,6,6
511,5,5
30199,4,4
16570,8,8
26289,1,1
39930,1,1
27783,5,5
14581,5,5
25618,9,9
7467,6,6
41412,1,1
24549,5,5
19168,6,6
37155,3,3
29204,0,0
39557,5,5
20540,1,1
8075,9,9
1848,7,7
1553,8,8
9340,6,6
2854,0,0
32048,1,1
25569,6,6
32386,9,9
17061,0,0
3100,5,5
34102,6,6
25667,7,7
40465,4,4
13005,9,9
25610,1,1
10835,7,7
9448,8,8
13587,2,2
8235,0,0
1776,2,2
41928,5,5
5403,4,4
6514,5,5
20175,2,2
2419,9,9
18925,0,0
15362,5,5
14213,9,9
38642,2,2
8918,7,7
33963,9,9
36873,0,0
38140,7,7
28587,6,6
28742,1,1
34402,8,8
5897,7,7
25795,2,2
26293,9,9
38600,0,0
29489,2,2
26243,7,7
26269,1,1
30147,9,9
5846,7,7
5551,3,3
10427,6,6
3933,3,3
29999,0,0
41306,7,7
3556,6,6
9298,6,6
16367,3,3
24665,9,9
26760,4,4
27781,4,4
3156,8,8
26141,0,0
34849,6,6
38303,8,8
6194,2,2
17777,0,0
36897,1,1
7677,4,4
36165,4,4
22361,2,2
39528,0,0
1082,9,9
21205,5,5
3582,2,2
27646,2,2
34019,3,3
17455,1,1
21418,9,9
12886,5,5
18858,9,9
15207,6,6
24049,2,2
18022,5,5
36493,6,6
28915,9,9
35876,8,8
23156,2,2
41726,4,4
41938,1,1
981,2,2
34075,0,0
25932,9,9
18105,5,5
37229,8,8
32311,3,3
24595,1,2
15051,9,9
31292,9,9
28700,1,1
7883,7,7
18191,4,4
30522,9,9
18108,5,5
3191,3,3
33212,4,4
16796,1,1
37917,0,0
20949,4,4
8589,0,0
26543,2,2
36032,6,6
27271,7,7
161,9,9
23372,2,2
6853,2,2
3099,0,0
22596,2,2
22898,1,1
39383,3,3
13401,5,5
1803,4,4
37841,0,0
16392,0,0
22410,3,3
5556,9,9
10908,1,1
22573,9,9
18690,1,1
39103,8,8
41924,4,4
28912,9,9
32377,9,9
27536,5,5
1023,8,8
37907,8,8
22629,6,6
14928,9,9
9205,7,7
6372,7,7
2201,5,5
18320,3,3
17831,2,2
27810,7,7
16865,9,9
15477,4,4
34890,8,8
14356,3,3
27539,3,3
38623,0,0
13571,4,4
4108,0,0
27049,8,8
2880,4,4
30056,7,7
41309,6,6
11915,1,1
25501,4,4
6152,3,3
12153,4,4
12432,2,2
24659,6,6
21431,5,5
17093,3,3
32197,4,4
30180,1,1
5097,4,4
23714,7,7
34905,1,1
2595,9,9
28248,6,6
40314,2,2
15794,3,3
39258,2,2
1892,9,9
22325,4,4
25188,9,9
6452,7,7
23584,7,7
37286,3,3
28681,0,0
2506,4,4
35668,1,1
2440,5,5
7387,1,1
24568,7,7
40948,9,9
26301,7,7
16946,8,8
31467,0,0
26118,4,4
1384,7,7
5921,6,6
33354,3,3
15773,7,7
28468,4,4
36051,4,4
25488,8,8
8090,2,2
25696,5,5
9792,6,6
31109,7,7
34220,9,9
35305,6,6
25358,3,3
16395,3,3
5123,1,1
21524,4,4
22900,7,7
21806,5,5
23655,7,7
7472,0,0
29547,1,1
12838,4,4
6376,6,6
269,9,9
40949,2,2
19937,2,2
34517,7,7
38662,2,2
41240,1,1
8126,7,7
33660,4,4
17451,7,7
8888,8,8
17791,8,8
26592,9,9
2626,3,3
4851,8,8
31740,1,1
38753,5,5
30766,7,7
25625,3,3
24705,6,6
8187,1,1
7164,8,8
35996,5,5
6562,7,7
19397,0,0
24333,0,0
4845,9,9
4699,9,9
21807,6,6
35221,7,7
31474,3,3
9443,2,2
1180,3,3
12612,7,7
12890,4,4
27123,5,5
16017,3,3
33544,3,3
27000,2,2
8319,6,6
35889,3,3
187,9,9
30582,9,9
34139,7,7
13546,1,1
7790,4,4
21103,9,9
37063,9,9
9457,2,2
19483,0,0
30524,2,2
33084,4,4
6047,0,0
35017,9,9
11576,0,0
9723,7,7
18276,0,0
40407,8,8
31516,0,0
28297,0,0
40337,8,8
5231,7,7
27762,8,8
33058,2,2
37320,1,1
16162,4,4
35455,2,2
3391,3,3
10450,2,2
31488,8,8
37076,5,5
10972,0,0
17767,3,3
26012,6,6
37184,6,6
8321,0,0
319,8,8
39034,4,4
5384,3,3
40785,7,7
619,3,3
6746,7,7
27516,3,3
31834,9,9
36626,0,0
24518,6,6
5397,0,0
41167,7,7
19340,3,3
13926,9,9
26036,5,5
17578,3,3
9121,0,0
26429,9,9
35256,0,0
16559,6,6
28484,6,6
23846,2,2
3768,3,3
3061,8,8
31556,2,2
35529,0,0
28440,2,2
27631,9,9
20364,5,5
30289,7,7
34794,9,9
6022,4,4
20676,4,4
22426,8,8
41233,2,2
33051,1,1
15913,5,5
35585,1,1
34642,9,9
16123,3,3
41908,7,7
3456,4,4
28538,1,1
39035,4,4
12820,3,3
20067,0,0
26537,2,2
13785,2,2
15880,5,5
3097,9,9
14834,5,5
18085,2,2
39126,8,8
40126,6,6
14737,2,2
37234,9,9
15075,5,5
41132,4,4
33651,7,7
33524,7,7
19174,2,2
22620,7,7
30880,8,8
11629,0,0
34432,0,0
3269,5,5
29824,5,5
14045,2,2
41415,2,2
27032,7,7
14370,2,2
7634,2,2
24697,2,2
39394,6,6
39362,5,5
22079,8,8
32517,7,7
2199,8,8
21122,3,3
11489,1,1
3560,7,7
31411,4,4
27720,3,3
4853,5,5
20951,8,8
6028,4,4
12719,4,4
7841,1,1
33567,7,7
5435,3,3
28464,2,2
21669,6,6
37981,4,4
14678,7,7
27233,8,8
15538,5,5
4694,6,6
26551,3,3
7168,5,5
3047,5,5
20543,2,2
12369,6,6
14861,4,4
24294,4,4
16079,4,4
17163,2,2
25160,1,1
2384,4,4
41147,7,7
38165,9,9
32154,9,9
17179,9,9
25187,2,2
21401,4,4
36547,4,4
15737,9,9
26204,4,4
33307,9,9
17824,9,9
27951,3,3
24476,9,9
4609,4,4
18238,3,3
1674,3,3
15812,8,8
21663,1,1
26830,2,2
21714,2,2
23294,9,9
6353,9,9
1755,1,1
31061,3,3
8116,5,5
4183,8,8
19954,7,7
1735,0,0
8732,9,9
31562,2,2
5946,8,8
15695,2,2
7712,3,3
20716,2,2
27339,5,5
3365,2,2
41666,3,3
17490,7,7
29098,8,8
3096,0,0
5722,8,8
7257,6,6
31475,2,2
18875,0,0
32353,6,6
17078,3,3
14904,5,5
38072,6,6
28824,2,2
29227,8,8
21266,5,5
11767,8,8
36001,5,5
14698,9,9
33169,2,2
2551,5,5
35531,7,7
4092,9,9
22823,7,7
26123,8,8
10395,2,2
7078,8,8
8297,8,8
35087,8,8
33025,3,3
3837,8,8
11732,1,1
37028,3,3
6259,0,0
17059,4,4
34697,3,3
26465,9,9
10336,6,6
40203,9,9
15657,9,9
30625,2,2
14500,9,9
15928,5,5
23449,1,1
13459,0,0
9564,0,0
31196,3,3
30827,3,3
15827,3,3
36860,1,1
14207,2,2
28786,1,1
18782,7,7
40300,4,4
32579,2,2
20025,0,0
11364,8,8
26904,9,9
36046,8,8
18372,8,8
38484,1,1
19912,2,2
31999,0,0
37253,9,9
39379,7,7
35487,3,3
34482,9,9
19774,1,1
3316,3,3
26241,6,6
3818,6,6
28710,4,4
40637,2,2
36994,3,3
6355,1,1
15092,3,3
25292,5,5
34022,4,4
14895,4,4
25947,1,1
22489,7,7
12426,5,5
28872,8,8
16882,2,2
10554,6,6
33353,5,5
23918,9,9
25701,2,2
41806,5,5
31377,2,2
10464,3,3
8434,7,7
41635,6,6
7004,9,9
35953,8,8
10860,3,3
25234,7,1
21637,2,2
41877,8,8
35144,0,0
31694,0,0
11039,3,5
4592,7,7
32667,7,7
7389,1,8
16992,4,4
28228,1,1
41327,9,9
19681,7,7
19924,7,7
26789,4,4
29264,1,1
20428,8,8
29143,3,3
107,5,5
31391,2,2
19354,2,2
38277,0,0
16676,8,8
25486,8,8
26573,5,5
15335,4,4
6660,3,3
11786,8,8
8323,7,7
8797,7,7
20200,1,1
21236,7,7
11766,9,9
8134,3,3
34476,5,5
21737,5,5
36229,5,5
12034,8,8
24912,3,3
24232,7,7
22816,1,1
432,2,2
4858,2,2
8326,4,4
20390,6,6
13393,9,9
36151,5,5
41038,1,1
32355,3,3
30651,2,2
35469,3,3
38039,6,6
8930,5,5
17126,3,3
12355,1,1
24126,6,8
34518,7,7
19745,4,4
31150,5,5
14523,4,4
14995,1,1
8114,1,1
18546,0,0
10521,3,3
7783,7,7
26252,6,6
25489,7,2
29413,5,5
6654,4,4
20409,0,0
159,6,6
1028,9,9
23347,7,7
25607,2,2
3517,5,5
15701,5,5
26234,0,0
11040,8,8
21328,5,5
23909,9,9
40956,0,0
14864,1,1
88,9,9
29786,4,4
21310,8,8
7352,3,3
2912,1,1
39453,9,9
5913,1,1
2985,7,7
24353,1,1
3135,3,3
30850,2,2
38640,7,7
40692,4,4
17544,9,9
5835,4,4
8008,6,6
17574,8,8
36888,8,8
30339,4,4
11087,6,6
27983,0,0
17275,7,7
12346,1,1
27454,0,0
24619,8,8
39468,2,2
22804,4,4
11962,6,6
15789,9,9
6720,2,2
4134,6,6
1696,9,9
32977,1,1
26818,1,1
37993,0,0
1489,0,0
6181,1,1
4033,4,4
17567,1,1
30153,1,1
9682,6,6
5771,1,1
14788,6,6
35445,6,6
16768,7,7
36510,7,7
9155,5,5
38757,1,1
41472,3,3
39449,5,5
10620,2,2
4358,8,8
15375,1,1
40676,9,9
7504,4,4
11754,4,4
36593,7,7
2488,8,8
17091,8,8
22042,2,2
38437,3,3
24104,8,8
37716,4,4
26591,3,3
28219,6,6
33255,3,3
19022,6,6
18840,0,0
38990,2,2
39190,7,7
37773,3,3
10545,1,1
431,3,3
7914,0,0
18681,3,3
35816,0,0
13414,1,1
41395,4,4
6225,2,2
29363,9,9
14175,2,2
4930,1,1
14139,6,6
36082,0,0
4017,1,1
32897,1,1
16771,9,9
33132,2,2
19675,4,4
39303,7,7
30370,2,2
33676,9,9
20480,7,7
18867,9,9
30746,5,5
18285,7,7
24347,6,6
31435,8,8
39471,5,5
7219,3,3
14329,1,1
8050,1,1
10531,2,2
104,2,2
40638,4,4
3048,0,0
2474,1,1
4424,5,5
34443,0,0
13978,3,3
11755,4,4
15547,3,3
38218,2,2
28618,1,1
9693,3,2
21693,0,0
25216,0,0
20941,1,1
40372,6,6
15418,7,7
30495,9,9
1793,7,7
6816,3,3
26560,0,0
27566,9,9
15080,3,3
15225,7,7
14271,6,6
6039,0,0
30224,1,1
16601,4,4
35116,3,3
17292,2,2
28215,7,7
15424,8,8
34867,3,3
33244,2,2
16075,3,3
19624,7,7
27161,9,9
31004,5,5
4940,5,5
6527,3,3
1906,6,6
32440,4,4
30898,2,2
5687,4,4
20827,3,3
2016,6,6
39568,5,5
27477,1,1
13328,0,0
16182,9,9
1316,6,6
28152,0,0
28981,1,1
24016,6,6
19989,4,4
36664,3,3
18419,1,1
38788,3,3
31194,9,9
24086,4,4
27423,6,6
10711,6,6
6468,8,8
1484,4,4
5919,6,6
30969,8,8
34366,9,9
39658,7,7
8882,6,6
39617,2,2
10478,6,6
36339,2,2
9271,5,5
32220,5,5
2999,3,3
5572,5,5
34115,5,5
35378,4,4
38394,2,2
860,6,6
9646,2,2
6932,8,8
4356,2,2
28144,7,7
16371,6,6
40772,4,4
28965,0,0
37798,7,7
33953,9,9
24196,4,4
38191,1,1
15534,3,3
2904,3,3
4503,8,8
27946,5,5
11683,8,8
36530,5,5
24439,3,3
3039,7,7
28274,6,6
5855,5,5
13026,0,0
954,6,6
35495,1,1
20719,9,9
32245,8,8
31350,5,5
17537,6,6
19469,8,8
25972,8,8
15426,9,9
552,0,0
30304,4,4
22833,0,0
27754,2,2
4157,1,1
11354,3,3
7903,4,4
38362,2,2
40875,9,9
19758,1,1
10071,9,9
19755,7,7
23527,1,1
30773,2,2
31645,6,6
14879,8,8
26230,9,9
8922,3,3
30226,9,9
32546,7,7
27220,2,2
358,7,7
1433,1,1
29164,4,4
25672,3,3
6650,5,5
37647,3,3
27041,5,5
37188,0,0
10416,0,0
14199,9,9
13633,7,7
19475,5,5
7780,7,7
26877,2,2
6842,7,7
9402,1,1
5594,0,0
6770,1,1
8714,1,1
5688,0,0
32033,6,6
20039,2,2
2406,2,2
10504,7,7
17743,5,5
27457,6,6
17007,5,5
37013,4,9
32769,5,5
37598,9,9
8549,9,9
37211,3,3
29117,8,8
13925,4,4
26048,7,7
16431,1,1
29184,0,0
40562,6,6
9765,1,1
16855,5,5
1261,2,2
4082,2,2
20139,1,1
6856,8,8
24679,1,1
11738,0,0
15896,0,0
5914,7,7
29602,7,7
18847,8,8
9137,5,5
4816,0,0
29735,0,0
30923,7,7
19895,4,4
38617,6,6
31250,9,9
41279,6,6
39783,8,8
41391,9,9
13495,5,5
35307,8,8
25936,4,4
31714,7,7
20065,0,0
34089,1,1
5415,2,2
26832,9,9
15457,5,5
41622,8,8
29253,5,5
34043,6,6
46,3,3
29087,5,5
41748,1,1
30559,5,5
22215,4,4
1024,1,1
30738,2,2
18193,4,4
39949,7,7
37555,7,7
2009,0,0
10104,7,7
23320,5,5
21238,7,7
40963,2,2
20171,8,8
17268,0,0
17514,5,5
19135,4,4
32495,7,7
2926,5,5
10160,4,4
26431,9,9
40976,2,2
29771,3,3
39212,0,0
22909,2,2
4018,3,3
11168,1,1
25211,3,3
17037,7,7
37126,5,5
35501,7,7
11398,7,2
36773,4,4
18050,6,6
6032,6,6
21505,9,9
11517,6,6
726,3,3
10700,3,3
20040,5,5
11642,8,8
31181,7,7
5683,0,0
17172,9,9
18903,4,4
14119,1,1
25190,4,4
2617,7,7
21259,8,8
36528,8,8
29662,4,4
1235,8,8
36364,2,2
33162,8,8
4697,1,1
9283,0,0
7069,6,6
29704,1,1
24141,7,7
34528,6,6
680,9,9
22445,9,9
15463,1,1
15770,2,2
27015,4,4
36250,8,8
21981,1,1
16947,9,9
17773,9,9
25584,5,5
18047,7,7
28843,7,7
8632,7,7
13822,1,1
37474,2,2
27713,0,0
29320,9,9
30105,7,7
17259,8,8
7473,5,5
30079,6,6
34164,1,1
37560,2,2
10146,0,0
12823,5,5
39990,8,1
1417,7,7
25516,7,7
26223,1,1
37946,1,1
36198,1,1
8026,1,1
7978,4,4
878,8,8
18351,3,3
31277,4,4
31979,3,3
21640,7,7
2299,6,6
27182,6,6
37277,2,2
34098,7,7
19373,9,9
41345,5,5
37663,7,7
29653,4,4
9323,4,4
14416,1,1
30367,5,5
30712,0,0
34388,9,9
27656,1,1
20222,9,9
6460,8,8
34299,3,3
25805,5,5
41459,1,1
39506,0,0
37289,6,6
17065,7,7
29919,4,4
38145,6,6
35190,2,2
7051,6,6
29837,1,1
22312,1,1
30239,6,6
6745,1,1
25456,4,4
41193,1,1
1510,0,0
8448,9,9
31931,4,4
26796,0,0
15216,7,7
33573,9,9
40041,7,7
33790,9,9
11381,9,9
19287,0,0
37872,7,7
4787,2,2
33396,3,3
37956,3,3
11212,9,9
27171,0,0
17702,8,8
14972,7,7
31398,5,5
36738,5,5
1398,1,1
4189,0,0
17776,8,8
28372,5,5
14786,8,8
11985,1,1
36044,6,6
40745,2,2
11100,6,6
33577,8,8
7413,4,4
28486,5,5
33298,7,7
39879,5,5
25123,7,7
4746,3,3
38379,1,1
2813,7,7
20313,3,3
22137,0,0
19811,1,9
1757,7,7
31919,4,4
37023,1,1
12284,4,4
40842,8,8
6848,9,9
26525,6,6
13803,7,7
37397,5,5
23915,7,7
17682,7,7
22057,3,3
24315,1,1
26226,5,5
8306,9,9
30077,3,3
24984,6,6
5408,0,0
15669,1,1
6427,8,8
10862,4,4
36169,4,4
22864,2,2
1354,6,6
33664,4,4
11342,5,5
12025,3,3
23393,1,1
9311,2,2
26816,7,7
29757,9,9
16708,4,4
28311,1,1
12450,4,4
35881,9,9
36621,0,0
19682,5,5
17881,4,4
16793,6,6
23609,8,8
32726,7,7
2525,3,3
20979,0,0
6750,3,3
20601,9,9
16797,5,5
41441,9,9
14853,0,0
24274,5,5
21938,6,6
31263,2,2
8472,0,0
442,6,6
880,7,7
12627,4,4
35164,1,1
37086,9,9
12675,8,8
33315,1,1
39611,6,6
19770,7,7
7172,0,0
3629,8,8
6241,8,8
38799,2,2
1840,7,7
1974,6,6
7306,7,7
21412,0,0
34077,2,2
2608,7,7
24009,2,2
27840,1,1
6246,1,1
9444,3,3
39008,0,0
2484,6,6
27278,8,8
33480,6,6
34010,1,1
25387,7,7
9678,0,0
4654,0,0
11792,2,2
5693,5,5
23192,5,5
25498,6,6
21535,7,7
2314,7,7
27942,8,8
41341,6,6
3730,6,6
10159,6,6
13258,9,9
554,9,9
27320,5,5
24784,8,8
36431,6,6
18078,9,9
22603,6,6
10331,3,3
2974,3,3
25915,3,3
30220,7,7
31980,8,8
38390,6,6
11362,2,2
6788,5,5
20714,7,7
39217,0,0
38242,7,7
37422,1,1
34277,2,2
22423,0,0
659,6,6
38452,0,0
6043,3,3
40979,3,3
27485,3,3
34321,5,5
27858,5,5
3589,7,7
17397,9,9
6508,6,6
27415,4,4
41506,8,8
4279,3,3
32344,1,1
33563,1,1
7530,0,0
39179,5,5
920,4,4
17809,4,4
283,9,9
40746,1,1
12119,7,7
20149,9,9
19406,4,4
32272,9,9
19410,6,6
10203,0,0
40850,7,7
32338,9,9
3091,5,5
1237,7,7
8860,9,9
10077,4,4
28182,9,9
39390,0,0
11733,8,8
41939,1,1
24708,7,7
26659,4,4
38743,9,9
18974,6,6
6681,2,2
18115,7,7
15530,0,0
29254,2,2
12601,9,9
18989,1,7
41907,5,5
2331,8,8
21509,0,0
1772,1,2
14977,8,8
16062,2,2
16819,6,6
38986,3,3
4883,1,1
5759,5,5
838,1,1
32228,8,8
11487,7,7
16639,2,2
39131,1,1
16295,4,4
35371,3,3
39177,6,6
36413,8,8
5577,0,0
7244,2,2
29722,5,5
18410,0,0
33715,9,9
3357,1,1
35866,0,0
39182,3,3
16197,4,4
30564,9,9
28317,1,1
26987,9,9
21626,2,2
6282,7,7
24954,4,4
16026,1,1
12655,7,7
6558,3,3
40473,8,8
36076,4,4
21708,2,2
351,4,4
12285,6,6
23470,9,9
25711,2,2
33155,5,5
29748,1,1
39253,0,0
11973,8,8
35911,1,1
37982,3,3
38139,5,5
18401,8,8
33278,6,6
31410,6,6
19915,3,3
24024,9,9
5562,7,7
16684,7,7
27344,1,1
33883,7,7
36533,6,6
10215,7,7
25,3,3
31205,7,7
37302,2,2
8710,5,5
15599,7,7
30256,5,5
6694,7,7
33441,6,6
20262,4,4
30543,4,4
35959,6,6
23601,0,0
35053,4,4
1721,6,6
19956,9,9
37032,4,4
15847,0,0
32889,3,3
34702,1,1
36986,5,5
18311,0,0
19364,9,9
17280,4,4
5877,1,1
6759,7,7
24943,2,2
37391,0,0
34996,9,9
19039,4,4
7953,6,6
40591,4,4
14704,6,6
35563,1,1
36357,0,0
23108,6,6
17785,5,5
23741,4,4
13234,2,2
8337,6,6
28005,1,1
28942,1,1
1902,0,0
22095,4,4
11620,7,7
33203,7,7
5756,0,0
18927,2,2
31197,1,1
7535,0,0
32650,9,9
34856,8,8
36072,2,2
10928,9,4
7516,9,9
19850,8,8
18606,4,4
21246,7,7
20241,8,8
13279,6,6
3540,4,4
21918,3,3
20698,7,7
8394,7,7
36806,2,2
41846,3,3
27187,3,3
37403,4,4
2564,6,6
29478,3,3
3966,8,8
38473,4,4
35856,7,7
35192,2,2
36135,7,7
12142,1,1
17266,8,8
34331,1,1
28191,0,0
5691,2,2
8504,2,2
39818,0,0
10764,9,9
26664,5,5
4943,3,3
1213,5,5
7971,7,7
13479,4,4
30320,0,0
31118,0,0
24090,3,3
1431,7,7
33147,0,0
38225,1,1
4145,1,1
19893,4,4
12058,3,3
13454,3,3
8452,3,3
4916,7,7
15970,6,6
24864,2,2
40392,7,7
34915,7,7
23583,6,6
14622,4,4
11189,3,3
13570,6,6
18803,0,0
41714,6,6
6078,6,6
16883,5,5
8080,4,4
10044,6,6
16208,5,5
24314,7,7
22271,9,9
10914,5,5
15382,9,9
5292,7,7
31696,4,4
37219,8,8
7260,1,1
11050,5,5
13444,7,7
16060,6,6
24324,7,7
4572,9,9
30068,5,5
36008,2,2
15071,8,8
11892,9,9
36499,0,0
1070,4,4
14462,4,4
33468,2,2
15706,8,8
25554,9,9
3600,3,3
26138,6,6
22494,3,3
5764,0,0
26398,5,5
24844,5,5
22915,0,0
38981,5,5
10487,3,3
30600,1,1
28896,7,7
14269,2,2
33538,1,1
27557,1,1
18157,7,7
45,6,6
38221,0,0
18490,2,2
19655,0,0
28726,8,8
38232,1,1
27156,9,9
26555,2,2
28436,3,3
3008,4,4
8489,8,8
41419,4,4
16004,5,5
2287,2,2
20090,6,6
2706,5,5
28086,2,2
12472,3,3
21044,7,7
14926,7,7
37045,7,7
13333,8,8
25146,8,8
10719,9,9
3475,7,7
20981,1,1
40843,7,7
651,5,5
9031,7,7
21753,1,1
3624,1,1
5684,2,2
26076,2,2
30844,7,7
24459,6,6
11096,2,2
40991,0,0
15347,2,2
22339,4,4
6195,1,1
10494,1,1
27508,0,0
17354,6,6
25768,2,2
23243,0,0
12626,6,6
31742,8,8
13281,9,9
28793,3,3
6515,1,1
17342,3,3
3754,6,6
16234,7,7
41931,2,2
8568,0,0
37301,0,0
39188,7,7
38762,6,6
32307,1,1
25847,4,4
26834,8,8
32762,4,4
19721,8,8
36782,9,9
37623,6,6
11120,1,1
26401,4,4
16959,9,9
34928,3,3
5808,1,1
15028,1,1
6737,4,4
41195,5,5
38993,4,4
28015,6,6
27012,8,8
40756,4,4
7032,2,2
30001,8,8
28949,8,8
20633,6,6
24698,7,7
15586,3,3
7176,2,2
40556,2,2
15862,3,3
35101,9,9
41439,5,5
7094,5,5
22971,1,1
26193,2,2
37312,7,7
25918,9,9
11379,8,8
14222,3,3
37106,0,0
337,8,8
35243,8,8
6100,2,2
14489,6,6
175,8,8
31921,9,9
9073,7,7
12909,9,9
28293,2,2
17204,4,4
8827,0,0
34132,9,9
30803,8,8
23715,0,0
32794,8,8
23471,3,3
24078,9,9
5782,7,7
41997,7,7
29276,3,3
23171,8,8
5931,5,5
16956,8,8
23756,9,9
38868,0,0
30376,3,3
30020,2,2
37944,8,8
21502,5,5
14488,9,9
5045,3,3
5036,3,3
19087,6,6
31094,3,3
7554,8,8
40511,9,9
41343,2,2
16906,9,9
1769,6,6
1754,0,0
28336,2,2
33279,9,9
5024,2,2
35863,4,4
33296,4,4
2504,9,9
7868,9,9
38517,9,9
30353,0,0
24892,2,2
1426,4,4
25990,8,8
3471,5,5
35724,8,8
35131,5,5
36997,4,4
18184,6,6
30270,8,8
3286,5,5
26731,8,8
38048,9,9
29929,9,9
12228,2,2
18933,9,9
2067,5,5
34223,5,5
35846,8,8
20445,4,4
3113,6,6
36017,8,8
39720,3,3
7149,1,1
14516,1,1
12597,7,7
24907,0,0
26422,3,3
28884,5,5
20413,7,7
1502,9,9
9970,4,4
36863,0,0
23812,7,7
8609,5,5
35793,3,3
22814,5,5
7321,7,7
13453,0,0
9884,6,6
4081,8,8
9033,6,6
14140,1,1
24853,3,3
17147,9,9
30587,4,4
18073,1,1
34497,2,2
15235,0,0
5883,9,9
29878,5,5
3617,2,2
38070,0,0
12382,5,5
37469,7,7
27303,7,7
6972,2,2
17196,2,2
24526,5,5
35491,6,6
4758,2,2
25100,6,6
22568,8,8
6319,9,9
26210,3,3
2120,1,1
9455,1,1
19224,5,5
30623,4,4
15552,4,4
30287,6,6
15432,1,1
29839,8,8
9996,0,0
30882,0,0
36534,4,4
32878,3,3
6020,1,1
755,1,1
16216,9,9
34620,3,3
10983,1,1
5508,6,6
24960,1,1
39166,9,9
12603,9,9
12757,3,3
17606,3,3
1289,8,8
7676,5,5
5904,7,7
12024,8,8
4804,7,7
27464,0,0
24265,0,0
22385,2,2
5352,6,6
34870,5,5
9705,3,3
23595,3,3
27513,3,3
41525,1,1
39203,9,9
37644,9,9
19328,8,8
30408,1,1
8657,3,3
38669,3,3
38038,0,0
14606,4,4
3667,8,8
26376,9,9
1445,2,2
24070,0,0
2410,1,1
39688,2,2
5770,7,7
27333,2,2
17543,6,6
7202,8,8
13518,0,0
13861,8,8
35393,1,1
29072,3,3
16448,2,2
10986,6,6
11450,3,3
4156,6,6
37381,4,4
23473,1,1
556,0,0
32131,1,1
26725,5,5
1501,9,9
31390,9,9
26840,7,7
41684,5,5
28812,9,9
17157,8,8
26633,2,2
19191,2,2
19223,5,5
22014,0,0
31909,0,0
13983,4,4
39860,4,4
1043,7,7
2327,3,3
2959,8,8
5704,0,0
25832,8,8
1312,5,5
22473,5,5
36775,8,8
29984,0,0
31248,9,9
8971,4,4
20748,8,8
37921,6,6
40013,3,3
36153,8,8
14484,6,6
30548,4,4
38220,4,4
20881,4,4
24063,0,0
35135,8,8
28882,1,1
35434,4,4
6126,4,4
22495,0,0
27789,9,9
11906,3,3
15331,7,7
14784,0,0
27152,2,2
28670,0,0
5714,7,7
26351,0,0
4891,3,3
22828,2,2
1682,9,9
25061,8,8
27632,3,3
26404,7,7
34580,6,6
24194,1,1
41539,2,2
11631,6,6
18027,6,6
35083,6,6
22456,4,4
2753,0,0
25634,4,4
2701,5,5
27652,1,1
16200,1,1
22564,2,2
13827,4,4
1474,0,0
17990,9,9
22041,0,0
16595,4,4
13938,6,6
13003,4,4
15136,0,0
25798,7,7
6149,5,5
3009,8,8
34998,7,7
36641,0,1
21123,5,5
28854,9,9
24845,1,1
24193,6,6
18439,3,3
15403,3,3
31369,9,9
9739,3,3
20155,1,1
5395,0,0
38915,6,6
11131,9,9
31423,2,2
4405,3,3
36473,5,5
2471,0,0
8226,0,0
1584,2,2
28325,6,6
6623,6,6
7602,0,0
10993,6,6
39134,3,3
1500,1,1
1993,2,2
24951,4,4
31014,4,4
28288,3,3
27006,6,6
12924,2,2
17488,4,4
29979,2,2
41958,2,2
36877,1,1
4361,3,3
30619,9,9
20233,5,5
10009,1,1
40168,6,6
6253,7,7
31646,9,9
20236,0,0
23199,1,1
29055,2,2
26619,0,0
23984,9,9
36442,6,6
17474,1,1
41690,6,6
12794,3,3
37902,4,4
29607,0,0
2572,8,8
4280,9,9
3345,8,8
8082,3,3
14087,9,9
13222,1,1
7166,0,0
20649,3,3
8759,0,0
23164,6,6
18702,8,8
36351,5,5
25217,4,4
2726,5,5
35480,6,6
25150,6,6
31455,5,5
12225,3,3
30070,9,9
479,2,2
10011,2,2
18577,8,8
23646,5,5
31127,9,9
11742,5,5
34059,5,5
36166,5,5
37893,9,9
35711,2,2
29904,7,7
12123,2,2
5513,8,8
41633,7,7
28829,6,6
35115,1,1
15451,7,7
16399,9,9
27367,2,2
19166,0,0
19521,7,7
36412,7,7
14321,5,5
3288,7,7
33726,2,2
31819,8,8
3514,7,7
28775,4,4
40494,6,6
29712,0,0
3959,1,1
36648,8,8
19831,3,3
262,9,9
29576,8,8
34147,6,6
39092,9,9
21985,0,0
15228,5,5
17873,7,7
31406,8,8
18760,6,6
28209,7,7
21727,4,4
5021,6,6
19731,7,7
28055,0,0
31902,4,4
9451,3,3
33512,7,7
20263,9,9
17014,6,6
23716,5,5
9215,7,7
23281,9,9
36801,3,3
40158,4,4
21962,7,7
32807,8,8
21268,7,7
16361,0,0
38863,5,5
19933,5,5
9867,7,7
8865,8,8
4060,3,3
585,0,0
6779,4,4
18281,0,0
35974,8,8
16280,2,2
32278,4,4
36890,8,8
41,1,1
35995,2,8
37434,0,0
21503,9,9
22756,6,6
20814,6,6
20715,6,6
5678,3,3
39747,0,0
11054,8,8
34539,6,6
15822,8,8
33583,9,9
19818,3,3
7323,2,2
39319,7,7
19514,0,0
9458,1,1
25682,4,4
29703,7,7
7057,8,8
20465,4,4
37213,9,9
11244,7,7
8503,6,6
7865,3,3
28650,5,5
39961,8,8
25019,3,3
17919,7,7
15892,4,4
24499,2,2
38489,5,5
31644,4,4
5465,4,4
35167,2,2
5502,1,1
2671,3,3
39333,6,6
13048,0,0
8451,1,1
8690,7,7
10396,5,5
41310,2,2
28200,8,8
30797,4,4
14450,1,1
35967,1,1
2251,1,1
18324,8,8
39363,4,4
13737,0,0
1782,6,6
41421,2,2
26503,3,3
160,6,6
19486,2,2
3859,6,6
10245,7,7
32441,1,1
18871,4,4
21926,7,7
33764,2,2
40384,1,1
3543,2,2
20760,9,9
13202,8,8
35865,2,2
41374,2,2
11441,0,0
25142,5,5
19206,6,6
28128,1,1
7630,7,7
19887,1,1
24975,0,0
6961,1,1
17719,1,1
2619,7,7
16284,8,8
17180,7,7
41530,7,7
2260,7,7
26259,5,5
29494,2,2
7072,9,9
30054,1,1
34409,3,3
8107,0,0
25903,4,4
33543,3,3
26702,8,8
20766,9,9
9614,8,8
25032,3,3
25563,6,6
22319,6,6
5470,5,5
41458,7,7
20437,0,0
33394,3,3
2173,1,1
17532,9,9
7962,0,0
10643,3,3
5992,5,5
49,4,4
33517,5,5
24880,2,2
31535,2,2
19119,9,9
35315,8,8
12543,8,8
2952,8,8
38103,3,3
38460,7,7
17417,7,7
20208,9,9
12069,0,0
13576,6,6
21811,0,0
12300,2,2
8014,2,2
30982,9,9
7088,5,5
23596,0,0
24272,9,9
39082,0,0
17751,2,2
28119,3,3
28143,1,1
35765,8,8
4664,1,1
33785,9,9
32845,1,1
17008,0,0
11655,3,3
40553,0,0
37221,1,1
35571,3,3
36850,6,6
32766,8,8
38678,9,9
33248,9,9
30908,6,6
1251,7,7
24727,5,5
13185,9,9
41687,8,8
37689,3,3
6494,9,9
31399,6,6
2141,4,4
1996,5,5
35576,6,6
23237,4,4
33208,3,3
3027,0,0
31539,3,7
22989,4,4
21742,3,3
13215,2,2
956,2,2
21610,1,1
31763,0,0
29797,2,2
20966,3,3
33876,1,1
11108,7,7
40524,8,8
6045,5,5
32895,5,5
26120,2,2
21929,7,7
206,7,7
39814,9,9
34972,6,6
9088,8,8
23619,4,4
6715,0,0
24251,6,6
10930,3,3
12318,0,0
9325,0,0
17651,1,1
16345,3,3
10715,1,1
10845,0,0
31343,0,0
8809,6,6
21763,7,7
25650,3,3
24851,6,6
7895,1,1
13397,2,2
28605,9,9
8108,3,3
2130,7,7
22264,6,6
19506,9,9
27678,5,5
30429,0,0
34507,0,0
25273,5,5
7254,6,6
18471,4,4
40721,7,7
29260,3,3
38544,1,1
27503,0,0
6985,0,0
29855,3,3
39135,0,0
36917,9,9
22063,3,3
3645,6,6
13952,7,7
27433,7,7
16544,1,1
17213,6,6
23230,3,3
1284,2,2
16240,6,6
36521,1,1
31361,1,1
20151,7,7
32061,8,8
36340,4,4
23964,1,1
28013,2,2
29624,0,0
38264,7,7
8829,9,9
9901,4,4
28418,1,1
3350,2,2
5948,7,7
18758,1,1
19700,3,3
27970,2,2
7786,1,1
39058,3,3
26950,4,4
24742,1,1
32366,1,1
8984,1,1
3157,2,2
27140,9,9
4234,7,7
17886,0,0
33189,7,7
16321,4,4
2337,0,0
19043,6,6
28917,9,9
4098,6,6
31509,3,3
34335,4,4
5325,0,0
21334,6,6
10752,0,0
8599,1,1
40630,8,8
7600,1,1
6352,5,5
9255,9,9
24792,1,1
17630,2,2
13948,1,1
27452,7,7
38163,9,9
34217,2,2
37580,6,6
6215,9,9
13559,1,1
21506,5,5
41573,2,2
22805,2,2
40666,9,9
31792,1,1
10205,4,4
32747,6,6
30855,6,6
26810,4,4
17954,4,4
26143,1,1
26235,1,1
36802,3,3
35547,3,3
40820,6,6
15539,6,6
1356,0,0
7897,5,5
41262,9,9
12828,6,6
38518,4,4
27807,7,7
34079,0,0
14889,6,6
10593,4,4
27473,5,5
29342,2,2
23103,9,9
18669,3,3
36975,5,5
20831,9,9
8432,9,9
33850,4,4
22558,8,9
11322,3,3
23698,5,5
20375,0,0
19078,7,7
4722,0,0
17974,3,3
38172,1,1
12768,2,2
20598,9,9
16536,4,4
40271,2,2
31939,9,9
16854,1,1
24100,5,5
14047,9,9
28338,0,0
37984,5,5
2986,0,0
37628,1,1
17898,0,0
38270,0,0
37390,2,2
24106,6,6
9162,2,2
15504,6,6
23625,2,2
18066,3,3
7272,3,3
5464,8,8
13824,6,6
24834,9,9
22632,6,6
13230,8,8
31663,1,1
40588,1,1
17106,5,5
34434,6,6
39934,7,7
10820,2,2
28271,5,5
14252,9,9
30120,5,5
30110,6,6
10559,6,6
11843,2,2
14203,7,7
30477,4,4
39981,7,7
40267,8,8
15732,8,8
28770,6,6
28579,1,1
28908,9,9
31991,2,2
33967,6,6
22415,1,1
37212,5,5
6114,9,9
20338,6,6
31721,8,8
22974,5,5
1108,9,9
22719,9,9
20519,2,2
16620,4,4
1751,1,1
34361,5,5
41487,9,9
28756,3,3
36293,0,0
34398,3,3
2566,0,0
12798,8,8
11461,6,6
22399,4,4
14085,3,3
36684,1,1
14962,3,3
20700,0,0
35184,3,3
29272,9,9
13235,7,7
21858,6,6
21988,0,0
25986,8,8
21424,0,0
16337,7,7
23100,9,9
38876,3,3
39748,6,6
20269,6,6
3312,1,1
36449,0,0
28260,0,0
25968,0,0
4646,1,1
3670,0,0
6556,7,7
25314,9,9
7896,3,3
40570,9,9
37511,7,7
10308,2,2
19467,5,5
36239,6,6
12550,4,4
21590,3,3
31981,5,5
31253,8,8
21306,8,8
11055,5,5
14418,0,0
32764,8,8
8557,8,8
12488,4,4
27189,7,7
15919,3,3
1928,8,8
1783,1,1
13129,0,0
29406,6,6
18811,5,5
25195,3,3
11670,6,6
29694,3,3
29366,9,9
5345,1,1
3468,8,8
8466,7,7
26107,9,9
28936,1,1
25288,3,3
38285,3,3
5218,3,8
12276,4,4
28452,0,0
8223,0,0
29563,3,3
18834,3,3
25765,1,1
18514,9,9
30451,8,8
30873,1,1
13100,9,9
560,3,3
9179,7,7
1591,5,5
20405,9,9
32509,9,9
32531,1,1
16671,3,3
8427,4,4
30328,7,7
30890,5,5
14312,9,9
18265,5,5
19466,9,9
1039,5,5
6780,1,1
39909,8,8
10085,5,5
16930,6,6
39799,8,8
35786,2,2
8749,9,9
37591,8,8
33769,8,8
17641,1,1
36253,1,1
12871,4,4
31615,6,6
18036,6,6
40627,6,6
6391,0,0
24925,0,0
21971,5,5
17343,6,6
37267,2,2
13183,4,4
28575,9,9
7851,4,4
2033,1,1
36650,0,0
2297,3,3
2296,7,7
16812,8,8
20853,4,4
23600,2,2
40367,2,2
34464,0,0
5609,3,3
32075,5,5
19072,0,0
30223,8,8
10389,9,9
37738,2,2
25998,2,2
19052,9,9
32891,3,3
14163,6,6
31433,0,0
25313,4,4
21479,2,2
15200,1,1
1107,9,5
5012,8,8
6820,1,1
11095,2,2
8562,0,0
26703,3,3
40826,5,5
26385,8,8
14945,8,8
5041,9,9
13533,3,3
11045,9,9
30216,3,3
33054,6,6
36700,1,1
15743,4,4
34705,7,7
26397,2,2
32876,5,5
1565,8,8
18660,9,9
37033,8,8
27644,0,0
15817,4,4
5996,7,7
24249,7,7
21443,3,3
10806,7,7
22296,1,1
23228,8,8
28748,2,2
17745,9,9
25728,5,5
38983,9,9
16375,0,0
41632,7,7
35463,4,4
3812,4,4
7777,5,5
7100,4,4
39695,0,0
27392,2,2
19574,3,3
16602,8,8
23254,1,1
15319,7,7
23894,0,0
19034,4,4
38391,9,9
24230,6,5
27238,2,2
4412,3,3
20944,1,1
1649,1,1
38034,3,3
22029,0,0
28851,8,8
22772,2,2
7969,2,2
25973,8,8
22425,9,9
6651,9,9
36969,1,1
16121,6,6
28904,7,7
21648,0,0
20771,8,8
14303,6,6
15680,6,6
12141,5,5
27013,8,8
14232,6,6
38547,1,1
22243,0,0
19727,9,9
32685,3,3
10681,1,1
24284,5,5
9601,2,2
20751,1,1
17237,7,7
11205,1,1
41736,4,4
33732,5,5
9409,2,2
25010,5,5
40033,6,6
22736,4,4
29600,4,4
8137,8,8
40083,1,1
18707,8,8
2364,1,1
19089,9,9
12947,7,7
11147,5,5
29647,2,2
8596,1,1
30993,3,3
27451,6,6
35351,1,1
7434,0,0
25479,5,5
25369,8,8
874,7,7
6161,8,8
6649,1,1
23729,4,4
1499,2,2
26316,6,6
36213,7,7
7563,1,1
5844,7,7
41247,9,9
33139,2,2
16779,7,7
6404,9,9
32313,1,1
1346,2,2
11716,9,9
26548,5,5
30459,8,8
13256,5,5
9403,2,2
19649,2,2
14343,2,2
27778,3,3
29833,6,6
27538,0,0
31190,1,1
2531,5,5
7205,1,1
39603,9,9
12002,4,4
4691,8,8
39677,7,7
32302,9,9
36424,2,2
12151,8,8
20273,5,5
12987,3,3
3255,0,0
8359,4,4
18423,5,5
29819,8,8
9969,5,5
18770,3,3
26630,0,0
1566,7,7
25877,4,4
39643,5,5
18082,7,7
13496,3,3
29830,0,0
3502,0,0
25193,7,7
22606,5,5
20939,3,3
6586,7,7
37759,6,6
27905,1,1
26163,6,6
36922,5,5
25796,3,3
12357,6,6
23429,0,0
32065,7,7
36450,6,6
35117,8,8
40174,3,3
39615,8,8
25616,2,2
36467,8,8
39598,5,5
25323,8,8
1805,6,6
38904,1,1
24585,4,4
20013,3,3
14940,7,7
32697,2,2
20860,8,8
31630,7,7
27555,0,0
22474,5,5
27954,1,1
16229,1,1
40802,1,1
16328,7,7
37545,4,4
12506,4,4
5216,6,6
5554,3,3
7120,5,5
9690,8,8
24492,2,2
16928,0,0
4799,8,8
37824,0,0
5275,1,1
1361,1,1
15723,6,6
25922,9,9
4171,6,6
26088,4,4
33681,8,8
26242,3,3
16174,4,4
36599,6,6
16384,2,2
31105,9,9
17604,0,0
25582,1,1
19805,0,0
13581,1,1
25881,4,4
5192,2,2
16449,8,8
14570,1,1
8016,8,8
38537,5,5
22265,6,6
9821,5,5
20132,5,5
32165,6,6
7499,0,0
5224,7,7
13641,8,8
37413,5,5
24041,8,8
27577,2,2
4238,0,0
8410,0,0
39634,0,0
25935,2,2
37362,8,8
7955,1,1
38607,3,3
29215,2,2
28606,4,4
32113,0,0
15279,2,2
35269,0,0
25009,4,4
17689,3,3
38308,9,9
27728,3,3
29636,7,7
8627,9,9
8284,3,3
28905,6,6
18749,2,2
33786,4,4
9484,4,4
11532,3,3
21816,5,5
21270,7,7
10479,4,4
41342,9,9
40403,9,9
34686,2,2
28026,9,9
36846,7,7
34875,8,8
40125,5,5
26554,5,5
5029,7,7
985,0,0
23154,5,5
27455,2,2
32303,0,0
3867,9,9
4175,0,0
15069,0,0
12718,5,5
16851,5,5
14568,4,4
32605,6,6
27217,9,9
606,3,3
14043,9,9
7045,6,6
2929,7,7
33553,1,1
8135,4,4
23696,1,1
18204,4,4
39171,4,4
1849,1,1
40026,8,8
27710,2,2
27524,7,7
7028,3,3
12705,7,7
15674,4,4
19407,4,4
27020,2,2
656,9,9
34353,6,6
21491,3,3
12331,2,2
41611,1,1
24457,5,5
21724,8,8
6714,9,9
28612,7,7
34976,0,0
27170,1,1
10875,2,2
41510,2,2
1314,0,0
29110,2,2
36469,1,1
6477,2,2
9258,5,5
31101,1,1
36304,5,5
11116,7,7
7775,9,9
14445,7,7
24820,2,2
11588,1,1
10162,3,3
14007,6,6
14708,2,2
13937,9,9
5874,9,4
15380,1,1
41144,7,7
23685,3,3
38779,7,7
17473,3,3
8287,1,1
1378,1,1
7237,8,8
16350,3,3
27786,6,6
8702,1,1
35768,7,7
41772,2,2
31603,5,5
18338,0,0
1766,7,7
8769,1,1
34701,6,6
22017,2,2
12999,4,4
37273,4,4
6084,2,2
27211,9,9
39062,5,5
6549,8,8
8401,0,0
34578,0,0
37462,1,1
20070,0,0
11889,7,7
30860,9,9
14629,7,7
40937,0,0
16242,3,3
827,4,4
1697,8,8
15533,0,0
21969,6,6
26284,6,6
11443,3,3
12446,6,6
9056,8,8
24051,9,9
33332,7,7
28640,7,7
18516,4,4
7915,4,4
38580,0,0
33117,6,6
8468,5,5
38979,2,2
723,9,9
34944,7,7
20537,0,0
25647,2,2
757,0,0
26218,8,8
34678,9,9
16644,4,4
12081,8,8
24699,4,4
31186,4,4
9927,2,2
12100,1,1
32626,9,9
39820,7,7
18186,0,0
24768,9,9
39180,9,9
33737,4,4
41686,8,8
2768,3,3
22709,9,9
17339,0,0
21871,4,4
12275,8,8
35013,2,2
4652,4,4
33305,8,8
20104,4,4
37407,1,1
24589,0,0
21670,9,9
9729,7,7
37901,7,7
35742,9,9
21320,3,3
38154,5,5
12319,4,4
30847,0,0
34854,8,8
32176,8,8
10502,7,7
11288,9,9
9048,2,2
35665,8,8
24743,5,5
30215,9,9
11133,7,7
34248,6,6
11427,7,7
16333,7,7
24376,6,6
37550,4,4
8495,4,4
19160,1,1
39726,5,5
10370,8,8
15923,3,3
20681,2,2
35109,5,5
12941,8,8
6784,3,3
29068,7,7
33925,6,6
4483,8,8
38531,7,7
31224,8,8
19693,7,7
41053,3,3
4021,0,0
12027,1,1
8488,5,5
16095,4,4
25679,1,1
26166,5,5
8693,6,6
4077,2,2
13250,4,4
34352,7,7
13046,9,9
22661,4,4
27460,6,6
9345,6,6
30171,3,3
35744,8,8
28625,6,6
6331,2,2
40813,7,7
2868,8,8
35024,2,2
24555,5,5
20453,3,3
8122,3,3
35553,1,1
39409,3,3
14400,4,4
20346,5,5
32682,0,0
31961,2,2
36949,1,1
12383,0,0
11065,1,1
20093,1,1
25212,9,9
2790,3,3
28208,0,0
25407,3,3
8979,6,6
25207,7,7
7873,9,9
4015,6,6
36015,2,2
18380,6,6
13590,2,2
25395,4,4
22227,7,7
34088,2,2
27440,2,2
35033,4,4
32788,5,5
7522,2,2
32518,8,8
38490,9,9
40055,8,8
33841,8,8
2533,4,4
346,6,6
30379,2,2
18849,7,7
31051,3,3
4263,1,1
24405,0,0
8103,7,7
39543,6,6
28496,4,4
6190,8,8
11604,1,1
13604,0,0
3524,5,5
33898,1,1
29619,0,0
3244,7,7
35349,6,6
462,2,2
23313,3,3
6130,8,8
38294,0,0
17627,3,3
31918,2,2
2997,3,3
24750,0,0
35442,1,1
24861,2,2
16701,8,8
27668,3,3
7998,2,2
20374,0,0
21250,2,2
33837,7,7
15419,7,7
35476,6,6
12656,8,8
8094,2,2
14642,8,8
20335,4,4
24969,8,8
27532,7,7
9315,8,8
14662,9,9
41983,7,7
6138,1,1
36093,1,1
30478,2,2
27999,7,7
37030,1,1
17922,3,3
38212,5,5
29622,9,9
29876,0,0
11480,2,2
28136,3,3
33418,1,1
23522,4,4
2799,7,7
14097,1,1
38174,7,7
475,9,9
34921,5,5
10339,7,7
19121,5,5
30718,9,9
5144,9,9
10631,5,5
12811,0,0
14158,5,5
9189,1,1
19519,7,7
10048,8,8
23369,2,2
25496,7,7
38262,7,7
14396,1,1
41708,6,6
24762,9,9
12321,5,8
20422,1,1
35422,3,3
33720,6,6
24814,0,0
38809,1,1
35021,0,0
36465,6,6
18804,0,0
22241,6,6
20276,3,3
23747,4,4
17601,9,9
37620,6,6
21352,8,8
31684,8,8
40915,3,3
19613,4,4
15213,3,3
35509,7,7
1179,4,4
11931,1,1
25878,5,5
17807,3,3
2649,4,4
38020,9,9
3432,5,5
22808,8,8
363,3,3
20404,0,0
32553,9,9
29853,5,5
17122,7,7
18540,1,1
29901,6,6
36977,7,7
38030,6,6
20058,0,0
1587,7,7
39467,7,7
9979,4,4
1480,4,4
32671,3,3
21746,2,2
30678,4,4
29079,1,1
27634,1,1
9698,8,8
6440,7,7
37394,1,1
37090,8,8
31715,2,2
40229,4,4
682,2,2
38954,9,9
11188,8,8
40663,4,4
18622,9,9
22802,5,5
32734,1,1
1971,4,4
15863,2,2
39834,6,6
11699,9,9
37119,1,1
16848,1,1
7954,5,5
8092,2,2
24573,2,2
24157,7,7
4160,8,8
129,0,0
26121,9,9
39331,5,5
31273,0,0
32909,7,7
16833,0,0
7126,1,1
4639,5,5
10821,2,2
4148,7,7
13965,4,4
40608,0,0
31177,3,3
106,8,8
10797,9,9
19615,2,2
23590,4,4
18854,9,9
3085,7,7
37235,1,1
28404,6,6
8428,2,2
3568,9,9
29167,9,9
11632,7,7
3450,5,5
11083,5,5
18544,1,1
28192,7,7
34722,6,6
10542,4,4
24932,5,5
2620,8,8
41417,4,4
30449,4,4
41892,7,7
12766,2,2
8606,8,8
27693,3,3
33304,6,6
14253,5,5
35170,9,9
11710,1,1
29524,9,4
41724,6,6
9022,1,1
40107,1,1
30013,1,1
11456,9,9
1520,6,6
36495,1,1
24633,0,0
7447,9,9
2081,0,0
997,9,9
857,1,1
32837,6,6
27047,4,4
7538,3,3
22245,4,4
21447,3,3
38682,1,1
31723,1,1
15650,2,2
6340,1,1
19676,3,3
31804,7,7
35465,4,4
31843,9,9
27475,4,4
33197,1,1
28281,3,3
37745,6,6
40172,1,1
13323,7,7
36106,8,8
31476,9,9
20710,5,5
28834,8,8
35483,0,0
34733,2,2
12800,9,9
8750,1,1
32413,4,4
22949,2,2
19013,9,9
16030,1,1
4510,1,1
1420,1,1
19662,6,6
31274,9,9
12189,3,3
17887,7,7
38579,4,4
23349,9,9
13660,1,1
23068,6,6
8765,9,9
9095,0,0
35784,2,2
37618,6,6
24080,2,2
4282,4,4
24656,0,0
7734,8,8
33765,9,9
4863,8,8
28257,8,8
20557,9,9
7210,1,1
21603,3,3
7114,1,1
13070,6,6
24121,2,2
35840,1,1
18497,4,4
9644,9,9
4232,9,9
19218,7,7
26372,1,1
39267,4,4
11734,6,6
15580,8,8
2302,3,3
26460,2,2
40831,5,5
8940,0,0
11577,6,6
17261,2,2
21704,5,5
38415,5,5
40987,5,5
5112,6,6
39744,8,8
15652,8,8
3761,2,2
27059,3,3
37049,5,5
10526,8,8
9104,1,1
32507,8,8
3669,0,0
28973,8,8
13219,8,8
30721,4,4
12721,5,5
28777,6,6
32406,5,5
32961,1,1
15118,8,8
35651,7,7
36375,2,2
30739,3,3
5498,4,4
589,5,5
11325,9,9
30218,7,7
22055,7,7
6265,9,9
36161,0,0
13923,8,8
24856,6,6
39650,0,0
10859,6,6
40064,9,9
39795,3,3
9858,8,8
30055,2,2
9303,4,2
15558,1,1
953,2,2
31661,1,1
33253,2,2
26320,5,5
5184,7,7
31445,0,0
40762,7,7
4335,9,9
2784,1,1
38238,1,1
34742,7,7
32735,9,9
18716,3,3
33893,2,2
2445,3,3
39856,5,5
22295,1,1
18764,8,8
28954,9,9
27763,7,7
11098,6,6
6741,3,3
32474,5,5
35723,8,8
37507,6,6
28514,4,4
3520,8,8
31184,9,9
5040,8,8
7305,2,2
19516,9,9
26594,5,5
23002,2,2
19098,8,8
36979,9,9
8818,2,3
41423,7,7
210,9,9
13360,0,0
22112,8,8
20166,4,4
22655,4,4
26870,5,5
20582,2,2
14093,1,1
3947,3,3
30142,6,6
30457,0,0
36194,2,2
23754,2,2
2416,0,0
5004,3,3
37746,6,6
5878,9,9
14362,9,4
38462,9,4
34355,1,1
14771,1,1
13236,6,6
21703,3,3
22899,3,3
10039,0,0
9672,5,5
11750,5,5
14322,8,8
5308,2,2
41352,3,3
14652,3,3
38728,3,3
9691,6,6
1304,4,4
21932,9,9
28728,1,1
38835,8,8
36722,2,2
38137,4,4
3744,7,7
29939,0,0
31443,0,0
671,0,0
12946,8,8
39235,2,2
14419,2,2
3820,4,4
16211,3,3
19824,9,9
10776,3,3
1046,0,0
12491,5,5
1885,8,8
7739,8,8
37714,8,8
17810,9,9
4739,4,4
558,9,9
17046,1,1
36930,3,3
3563,5,5
40051,9,9
11870,8,8
5217,3,3
33697,3,3
40517,1,1
4945,6,6
17524,6,6
29787,6,6
16397,0,0
2086,1,1
25250,0,0
13086,7,7
38958,2,2
3791,4,4
10819,2,2
5973,7,7
38440,1,1
1102,3,3
27612,2,2
23497,3,3
21444,3,3
38128,7,7
3938,4,4
15169,9,9
41720,2,2
8289,0,0
25775,8,8
41881,3,3
4406,8,8
6796,7,7
14386,4,4
1599,9,9
2387,6,6
12594,4,4
12093,8,8
34460,7,7
750,6,6
29460,3,3
5943,7,7
13229,5,5
10477,0,0
25304,3,3
17282,3,3
18166,1,1
33090,9,9
28137,2,2
28749,9,9
15445,3,3
18960,3,3
31839,7,7
33633,1,1
5490,8,8
41567,0,0
10729,7,7
36178,9,9
27684,7,7
28554,1,1
2428,2,2
1788,6,6
14371,0,0
41413,4,4
9980,2,2
9349,2,2
2084,4,4
29324,0,0
21574,8,8
6871,4,4
6199,6,6
32016,0,0
4651,0,0
2552,3,3
38409,3,3
5254,2,2
9715,7,7
6914,3,3
12147,8,8
19636,3,3
28720,9,9
15751,3,3
3243,9,9
5847,2,2
23338,5,5
8909,4,4
34551,1,1
38507,1,1
39368,6,6
39410,9,9
20154,5,5
7733,4,4
28553,0,0
37379,4,4
11877,1,1
12344,4,4
31275,7,7
31756,9,9
21010,2,2
8776,4,4
4556,1,1
19633,1,1
27031,2,2
12191,7,7
26839,0,0
20977,8,8
18422,2,2
2376,3,3
33918,1,1
24055,9,9
30446,3,3
35514,5,5
29083,4,4
16020,0,0
22113,7,7
38228,8,8
27266,9,9
23016,7,7
9628,2,2
24462,9,9
6786,7,7
5692,8,8
40316,6,6
5213,9,9
26590,4,4
25230,3,3
40137,4,4
10567,4,4
15406,1,1
18935,3,3
9290,5,5
33438,1,1
31920,0,0
13653,3,3
8688,1,1
33853,9,9
7054,6,6
17329,8,8
6286,8,8
32641,0,0
20243,1,1
35941,3,3
9997,4,4
2294,6,6
8530,8,8
16745,6,6
26747,3,3
33519,7,7
20057,1,1
28919,6,6
16612,1,1
8378,7,7
22738,7,7
34292,2,2
1030,7,7
37083,9,9
20961,7,7
10977,1,1
14868,9,9
29723,9,9
38419,1,1
41433,2,2
7208,1,1
37818,0,0
33943,6,6
35198,9,9
14292,4,4
40205,2,2
24077,1,1
15219,6,4
23453,3,3
31598,6,6
28195,7,7
18881,2,2
3352,5,5
14134,5,5
10188,9,9
25278,4,4
482,4,4
22034,9,9
10163,3,3
24122,6,6
11257,6,6
2882,4,4
6384,1,1
34535,5,5
5783,6,6
33987,2,2
30019,8,8
13206,4,4
10759,4,4
39644,2,2
2124,4,4
6141,2,2
24819,9,9
8854,0,0
12090,1,1
5250,5,5
12957,9,9
21410,5,5
37546,7,7
145,4,4
20917,5,5
26992,1,1
29641,8,8
9647,3,3
27535,8,8
8027,9,9
20443,1,1
41876,0,0
7454,7,7
32817,7,7
19705,8,8
4493,0,0
21796,3,3
7362,1,1
12010,3,3
17349,2,2
36954,2,2
22565,8,8
39887,5,5
15112,7,7
15676,3,3
10448,6,6
12360,1,1
328,5,5
25241,3,3
24931,3,3
41521,1,1
29570,9,9
3356,8,8
13297,3,3
16523,6,6
37382,6,6
31668,3,3
6535,4,4
36200,0,0
17019,3,3
21952,9,9
41995,0,0
389,5,5
18772,1,1
34189,0,0
28306,4,4
26298,0,0
35532,9,9
39281,6,6
18461,9,9
1768,4,4
32013,0,0
21417,2,2
3522,5,5
6850,8,8
37332,2,2
5780,3,3
37217,1,1
14826,4,4
30476,2,2
10772,1,1
21390,7,7
30450,5,5
30948,5,5
26854,2,2
14390,3,3
39916,1,1
6937,6,6
758,2,2
11580,0,0
19786,2,2
10446,7,7
24758,5,5
19943,3,3
23299,3,2
41444,2,2
25154,3,3
4205,7,7
19683,9,9
17701,6,6
8060,6,6
35523,7,7
35878,7,7
2565,3,3
6587,8,8
10854,8,8
21336,5,5
34119,8,8
17030,0,0
3739,9,9
9497,3,3
29903,4,4
15562,3,3
37166,9,9
7805,6,6
24837,5,5
28269,0,0
36120,2,2
17730,9,9
31182,8,8
17324,3,3
28148,6,6
30146,8,8
33859,0,0
33450,0,0
34023,0,0
34319,1,1
897,1,8
4717,0,0
20457,0,0
10938,8,8
31040,3,3
14539,2,2
9131,6,6
26016,0,0
32664,5,5
178,2,2
35979,1,1
9481,1,1
23278,7,7
40357,6,6
41443,6,6
36629,4,4
4644,6,8
34459,6,6
1874,5,5
3811,2,2
10363,7,7
18582,2,2
15159,5,5
21155,6,6
28928,5,5
2204,1,1
38383,2,2
27119,3,3
41098,9,9
25243,1,1
35909,3,3
10310,7,7
309,4,4
27808,4,4
33358,9,9
9165,2,2
34328,5,5
6996,2,2
40196,1,1
28364,9,9
3338,7,7
15651,7,7
24929,7,7
37421,7,7
4447,7,7
39728,0,0
29741,0,0
27600,5,5
37085,3,3
33138,6,6
12218,3,3
28201,1,1
9761,7,7
40004,8,8
1466,5,5
28683,3,3
37889,3,3
16033,8,8
26187,9,9
19707,4,4
12750,8,8
10176,8,8
10457,3,3
36989,6,6
39994,1,1
7110,4,4
24426,6,6
25603,9,9
17471,3,3
23558,8,8
25084,7,7
37316,3,3
5069,3,3
20847,9,9
13427,2,2
286,0,0
38973,6,6
34190,4,4
40790,6,6
13177,9,9
9676,1,1
34157,6,6
38424,7,7
29838,6,6
10734,4,4
30475,0,0
1837,8,8
36014,2,2
20619,0,0
26161,3,3
6646,9,9
11822,2,2
3263,7,7
38125,2,2
6478,1,1
23721,6,6
4909,4,4
30817,2,2
3467,9,9
4378,2,2
28875,1,1
19288,1,1
7919,8,8
19153,7,7
39244,6,6
28597,4,4
39823,9,9
13299,2,2
37595,6,6
38894,7,7
9905,1,1
40138,2,2
41473,0,0
15501,1,1
25653,3,3
8963,0,0
9377,3,3
15686,4,4
4768,6,6
32466,2,2
27564,3,3
19923,0,0
39224,4,4
29256,0,0
29402,7,7
17808,8,8
21196,3,3
26566,3,3
9560,8,8
7224,2,2
25073,8,2
21668,9,9
29033,2,2
27235,8,8
25449,7,7
11555,6,6
2775,4,4
12483,7,7
17940,7,7
22675,3,3
26655,1,1
27087,4,4
6747,6,6
36853,0,0
32660,8,8
39490,8,8
22336,3,8
25355,8,8
20,8,8
28646,7,7
35356,7,7
17381,2,2
3797,1,1
32901,7,7
32262,9,9
39579,4,4
25258,5,5
15511,2,2
32578,9,9
20481,8,8
17876,3,3
10666,6,6
29783,2,2
41756,2,2
20741,1,1
27258,6,6
10683,4,4
16040,9,9
20842,7,7
14283,5,5
4296,6,6
6197,2,2
25514,7,7
40342,7,7
28754,0,0
41440,4,4
17844,2,2
22613,8,8
1129,7,7
2875,8,8
21324,1,1
33074,5,5
41179,7,7
21243,0,0
29851,9,9
33087,7,7
29682,8,8
31018,2,2
35237,4,4
27144,9,9
26318,7,7
8030,2,2
10549,2,2
31657,0,0
2420,6,6
31558,5,5
15087,7,7
20098,9,9
795,0,0
4342,3,3
6291,2,2
35915,8,8
14348,9,9
30413,4,4
36991,8,8
22656,7,7
38920,8,8
23131,8,8
7987,2,2
32854,5,5
42,4,4
5176,2,2
27617,3,3
23869,5,5
15341,4,4
30754,3,3
37477,7,7
29081,2,2
34628,6,6
32820,9,9
12246,1,1
13744,2,2
14133,8,8
34126,1,1
39209,3,3
25680,6,6
36883,5,5
30534,7,7
16024,9,9
10747,2,2
142,3,3
33078,0,0
40566,2,2
26779,3,3
40362,6,6
16985,6,6
18679,9,9
34085,6,6
32881,1,1
36321,7,7
3200,1,1
38707,5,5
28345,7,7
37861,7,7
31501,1,1
24490,4,4
19746,3,3
26169,9,9
11496,3,3
5110,5,5
36826,4,4
15966,2,2
9328,2,2
30088,9,9
36334,1,1
28826,9,9
35444,8,8
15133,3,3
3408,6,6
30112,1,1
6213,8,8
26327,6,6
6738,4,4
7507,4,4
22567,6,6
32965,8,8
9957,6,6
39204,3,3
36570,4,4
9697,6,6
13082,2,2
6428,7,7
10640,3,3
23506,1,1
31840,6,6
32380,9,9
1016,8,8
15984,4,4
18664,8,8
14126,1,1
37858,0,0
12118,3,3
27153,8,8
18063,0,0
30714,8,8
26245,7,7
4465,6,6
469,9,9
40218,7,7
25202,1,1
11739,6,6
40486,1,1
32581,8,8
36654,6,6
2928,2,2
5940,9,9
2819,9,9
36889,2,2
32199,4,4
30592,1,1
33336,1,1
19738,3,3
9589,9,9
10929,3,3
9024,2,2
19839,5,5
29059,7,7
12487,1,1
7708,1,1
27357,7,7
9546,3,3
38217,6,6
28994,1,1
20828,5,5
18984,4,4
724,1,1
28526,6,6
33592,8,8
14282,8,8
30925,9,9
10083,9,9
22524,7,7
6522,5,5
41290,7,7
34244,2,2
7140,0,0
5115,6,6
38099,0,0
23514,7,7
19661,6,6
36069,6,6
34751,1,1
3639,3,3
27699,5,5
17350,8,8
2255,8,8
21217,6,6
41202,6,6
29295,1,1
38962,6,6
40994,5,5
457,9,9
18741,5,5
519,8,8
31897,8,8
39956,1,1
16363,3,3
33004,3,3
25339,2,2
7479,1,1
16609,0,0
26983,0,0
9536,2,2
12457,6,6
32005,7,7
1867,1,1
28910,2,2
19625,6,6
17423,5,5
11428,3,3
11238,7,7
19387,5,5
34093,3,3
26379,7,7
18425,6,6
1613,2,2
6729,0,0
10358,4,4
13973,4,4
9999,9,9
14747,8,8
603,0,0
16552,3,3
35516,3,3
23373,8,8
2695,3,3
1865,2,2
2431,1,1
4674,4,4
12105,3,3
20137,1,1
37371,0,0
40840,5,5
21026,5,5
25876,7,7
26842,4,4
14743,8,8
37935,5,5
11436,8,8
37571,5,5
3974,6,6
34002,7,7
8049,1,1
2224,6,6
25041,4,4
15802,5,5
33623,0,0
11833,7,2
14696,4,4
6901,7,7
21944,1,1
33919,0,0
36958,4,4
23394,6,6
14430,6,6
38813,1,1
9098,0,0
19530,3,3
25606,8,8
30814,0,0
31477,7,7
32510,0,0
6031,6,6
12745,7,7
31619,3,3
13008,3,3
17253,3,3
20129,8,8
33187,7,7
24283,9,9
20317,0,0
17909,2,2
34983,3,3
32601,0,0
37926,1,1
2087,8,8
9221,3,3
3420,7,7
39078,2,2
550,6,6
22253,4,4
2919,6,6
34012,7,7
937,1,1
9327,8,8
27504,7,7
7261,7,7
34448,8,8
32787,9,9
36184,5,5
35522,3,3
24151,3,3
13833,8,8
41017,6,6
11002,9,9
38008,3,3
3940,0,0
3510,2,2
31245,9,9
38846,6,6
10148,5,5
34559,5,5
27795,9,9
18524,7,7
4755,6,6
5662,3,3
38380,9,9
5530,7,7
40882,4,4
17049,1,1
2262,4,4
21826,1,1
12973,2,2
1656,9,9
7661,5,5
16888,8,8
35358,9,9
5690,7,7
36231,9,9
24494,8,8
27429,8,8
18387,4,4
13081,7,7
2961,2,2
30539,5,5
22259,0,0
38315,0,0
12774,9,9
38877,8,8
36751,6,6
33254,7,7
8546,3,3
28057,9,9
20870,8,8
9724,5,5
25132,0,0
6420,7,7
33808,0,0
28810,5,5
5805,0,0
41696,1,1
13371,4,4
31141,0,0
10746,5,5
35066,6,6
39081,5,5
34534,9,9
20005,4,4
32938,5,5
26463,3,3
20593,1,1
8369,5,5
31133,4,4
23182,2,2
11695,8,8
452,7,7
9293,4,4
24815,2,2
31830,3,3
31353,9,9
23077,3,3
29213,5,5
29248,9,9
23861,7,7
33127,0,0
16518,6,6
27439,3,3
21675,7,7
16527,6,6
6288,9,9
19583,5,5
2478,4,4
14148,1,1
6360,4,4
1208,5,5
28946,5,5
18808,3,3
38737,1,1
13049,3,3
41136,7,7
5260,2,2
4100,5,5
2505,2,2
25656,6,6
9663,0,0
7124,3,3
34663,0,0
27794,6,6
14241,6,6
7695,6,6
26323,4,4
13969,3,3
19435,7,7
8676,1,1
27422,7,7
15246,4,4
27562,0,0
7349,6,6
20368,6,6
23983,2,2
20140,9,9
32803,4,4
19821,2,2
31893,3,3
23314,6,6
8696,1,1
33471,3,3
40502,5,5
41080,5,5
13340,9,9
7694,0,0
13431,4,4
35076,5,5
2747,5,5
20733,3,3
3891,2,2
36476,1,1
34064,1,1
28888,4,4
13441,4,4
23571,3,3
27029,6,6
39960,2,2
3561,3,3
6222,8,8
39456,8,8
26186,7,7
26041,1,1
17192,0,0
29617,9,9
31629,7,7
29778,9,9
32756,3,3
13959,2,2
20450,1,1
28771,2,2
20801,6,6
41917,2,2
18533,6,6
38903,5,5
21951,0,0
8074,8,8
16120,1,1
41863,9,9
24545,3,3
21662,1,1
41452,7,7
2338,1,1
6700,3,3
1110,9,9
38395,6,6
7062,4,4
41118,3,3
1800,2,2
36271,3,3
39289,3,3
31935,1,1
19250,1,1
8725,1,1
36370,0,0
32557,2,2
37231,2,2
30255,8,8
15825,3,3
37556,8,8
38929,4,4
17103,8,8
14706,1,1
28621,8,8
25137,7,7
39360,8,8
14782,9,9
24332,7,7
39472,8,8
6371,4,4
9498,9,9
24687,1,1
123,6,6
40185,7,7
37576,9,9
36126,9,9
21089,7,7
24546,3,3
29650,7,7
32970,8,8
6237,5,5
6281,0,0
9159,2,2
37551,7,7
11564,4,4
3375,7,7
40743,9,9
31541,7,7
41445,5,5
24827,8,8
41682,0,0
13534,1,1
13493,9,9
29218,7,7
22560,4,4
35688,9,9
22036,0,0
28520,0,0
17145,1,1
17367,1,1
39150,0,0
40639,4,4
22951,8,8
4346,2,2
19564,6,6
40270,6,6
13338,5,5
23251,0,0
27621,1,1
32149,2,2
3111,2,2
15875,9,9
28992,7,7
33168,5,5
20487,1,1
29701,2,2
29831,3,3
36405,7,7
15421,3,3
13343,6,6
26734,5,5
5845,9,9
3985,8,8
32196,8,8
34359,1,1
19653,2,2
33247,0,0
35059,3,3
17755,2,2
19925,8,8
8697,4,4
23008,7,7
642,1,1
26785,5,5
19132,9,9
19626,6,6
8151,9,9
31218,2,2
30213,3,3
416,8,8
17054,6,6
18067,4,4
33462,1,1
40928,3,3
37262,6,6
39165,9,9
12430,1,1
26484,7,7
11689,5,5
33019,7,7
25445,3,3
23926,0,0
38787,0,0
25051,6,6
1887,2,2
7080,9,9
17335,1,1
6998,3,3
19677,7,7
4988,2,2
31085,1,1
5080,2,2
36490,4,4
33846,2,2
39264,6,6
27115,4,4
4065,8,8
1972,1,1
7582,1,1
40700,9,9
14534,8,8
22260,1,1
12796,7,7
33370,9,9
6299,9,9
20396,6,6
34896,1,1
7268,0,0
15945,7,7
7942,5,5
437,9,9
38292,2,2
20708,2,2
5575,7,7
1657,8,8
9269,6,6
3740,0,0
22126,7,7
35268,1,1
2892,3,3
35518,4,4
33679,1,1
14614,8,8
11336,7,7
6968,8,8
13435,9,9
6243,4,4
6301,7,7
29301,8,8
24551,7,7
12896,6,6
31664,6,6
31506,6,6
3527,1,1
2277,4,4
11265,4,4
41778,6,6
2580,8,8
17645,1,1
35567,7,7
41211,8,8
28768,6,6
18065,1,1
28732,3,3
8529,6,6
25715,7,7
38548,1,1
32991,2,2
34080,9,9
28261,6,6
31825,8,8
19962,8,8
6193,5,5
13369,6,6
9453,8,8
19729,1,1
6272,1,1
28556,0,0
19922,7,7
12181,5,5
39560,0,0
5622,8,8
2110,0,0
10544,4,4
25513,3,3
37522,9,9
33213,0,0
38880,3,3
27598,4,4
19454,6,6
15257,3,8
25895,1,1
14860,4,4
21180,2,2
40923,3,3
15063,0,0
35126,3,3
35095,6,6
30979,3,3
28987,5,5
30745,4,4
22516,1,1
20656,2,2
40596,8,8
3054,3,3
27407,3,3
412,0,0
4536,3,3
29355,5,5
41691,4,1
12387,3,3
19021,0,0
20721,4,4
28747,4,2
41189,8,8
18511,4,4
27592,8,8
40401,0,0
706,3,3
30645,8,8
39482,6,6
11897,1,1
8175,0,0
37795,2,2
12907,7,7
24782,1,1
3282,2,2
8168,2,2
40726,4,4
12765,3,3
34758,7,7
10637,7,7
19897,5,5
33309,8,8
6719,0,0
29245,4,4
30138,9,9
23732,9,9
9460,4,4
7251,4,4
10074,0,0
29332,8,8
15293,0,0
12790,7,7
25025,9,9
33537,8,8
8498,5,5
9398,4,4
24989,6,6
26158,5,5
11684,9,9
37573,6,6
26783,4,4
8556,5,5
41890,2,2
20411,0,0
1911,0,0
7480,4,4
8520,0,0
17586,1,1
37849,8,8
1586,7,7
36305,0,0
13617,3,3
22511,5,5
11444,2,2
35982,2,2
33320,4,4
4455,7,7
33874,1,1
13436,7,7
38423,0,0
1080,9,9
2256,1,1
6890,7,7
41821,7,7
10661,8,8
18517,7,7
7579,3,3
12829,0,0
17273,3,3
13322,8,8
36907,1,1
10748,1,1
6942,1,1
36407,1,1
41959,9,9
10507,9,9
21365,7,7
16702,4,4
34494,7,7
7123,3,3
41324,4,4
23258,5,5
19591,8,8
13903,0,0
11432,9,9
7543,8,8
19210,3,3
34297,7,7
6147,5,5
35611,7,7
4309,2,2
22822,7,7
32129,5,5
27397,1,1
1710,4,4
20226,3,3
18183,2,2
39791,3,3
37916,6,6
10227,7,7
1221,1,1
41746,5,5
32236,0,0
40512,0,0
39074,0,0
20315,5,5
30528,6,6
11616,5,5
14862,8,8
14153,5,5
23058,1,1
41884,3,0
4842,9,9
12078,2,2
14210,2,2
12571,1,1
5616,3,3
189,6,6
15571,4,4
22351,2,2
38326,0,0
30846,6,6
17759,7,7
19182,4,4
36834,2,2
3828,5,5
13844,2,2
27934,3,3
22978,7,7
40133,8,8
21682,2,2
18943,1,1
6350,2,2
16007,8,8
35248,9,9
2917,5,5
32932,4,4
14363,4,4
1467,5,5
22599,7,7
22628,4,4
7680,2,2
11707,9,9
20045,0,0
23221,7,7
10583,6,6
25590,8,8
32530,0,0
27872,4,4
7710,7,7
23989,8,8
478,7,7
38577,9,9
6351,7,7
9017,2,2
19789,2,2
4035,2,2
2024,1,1
37330,5,5
20585,6,6
17991,1,1
21152,2,2
38583,7,7
29217,1,1
19657,2,2
33186,8,8
10177,7,7
9600,8,8
19940,1,1
7852,4,4
23159,7,7
4045,2,2
4382,3,3
34451,0,0
33593,5,5
31590,6,6
7459,0,0
5905,5,5
12897,0,0
25049,2,2
31493,8,8
38718,3,3
2021,3,3
10,8,8
4377,0,0
18982,3,3
17618,9,9
26651,2,2
40693,1,1
17254,1,1
31053,1,1
31523,0,0
20153,0,0
12361,5,5
27045,6,6
29069,2,2
23496,7,7
8836,0,0
32062,3,3
26336,7,7
8360,4,4
39356,4,4
33710,6,6
7161,1,1
40259,8,8
22393,5,5
5727,0,0
10484,3,3
24823,7,7
32770,8,8
29445,0,0
35755,5,5
16152,0,0
10789,6,6
4521,3,3
37392,3,3
9677,8,8
20219,5,5
26841,5,5
929,4,4
13150,1,1
19549,4,4
23510,4,4
15393,2,2
4387,0,0
10791,8,8
14382,3,3
11166,7,7
6811,6,6
18831,6,6
22431,7,7
5058,3,3
4129,0,0
806,9,9
18755,1,1
13867,5,5
6322,9,9
18848,5,5
25218,8,8
31312,4,4
35560,4,4
28233,7,7
3680,3,3
27301,5,5
39886,2,2
20244,6,6
6108,2,2
39485,5,5
1392,5,5
27102,9,9
32078,8,8
37825,6,6
21942,0,0
33040,2,2
36504,3,3
13535,2,2
4268,5,5
10139,8,8
26732,3,3
9520,4,4
5009,6,6
18089,8,8
35317,6,6
16914,3,3
23898,9,9
35618,4,4
25452,5,5
27383,1,1
38293,3,3
25175,0,0
17173,0,0
25556,2,2
39667,9,9
1546,8,8
13392,5,5
41575,6,6
572,2,2
3072,4,4
30944,9,9
31238,8,8
34268,6,6
34234,7,7
11949,6,6
38499,9,7
34768,0,0
13601,4,4
28286,4,4
17560,9,9
3396,0,0
38680,5,5
34564,4,4
24530,9,9
18922,9,9
29513,6,6
9045,9,9
24538,5,5
32533,7,7
32213,6,6
41650,3,3
30062,3,3
24103,0,0
41378,8,8
4231,9,9
27918,2,2
13971,2,2
3333,6,6
23079,3,3
33912,0,0
25442,7,7
17169,4,4
39255,1,1
3254,5,5
15717,7,7
1601,9,9
21973,6,6
17707,4,4
4487,3,3
25975,7,7
13765,3,3
5806,9,9
36423,4,4
32551,0,0
15901,1,1
9762,2,2
13242,6,6
5182,7,7
41307,3,3
41064,9,9
41604,1,1
29416,0,0
19894,5,5
32898,1,1
21347,4,4
38135,4,4
12534,6,6
955,7,7
7249,0,0
41776,3,3
28106,3,3
30690,3,3
27288,4,4
41183,6,6
15333,3,3
5872,0,0
8544,4,4
29816,1,1
35018,3,3
13788,5,5
27746,1,1
972,7,7
1512,6,6
16193,8,8
4426,3,3
25586,5,5
28307,5,5
6233,5,5
16378,9,9
24974,8,8
11350,1,1
34563,6,6
24497,9,9
24631,2,2
13514,0,0
15971,7,7
33964,2,2
7351,5,5
41750,3,3
24270,7,7
19035,1,1
23991,8,8
3170,5,5
37459,8,8
13588,4,4
10340,7,7
25532,9,9
30731,4,4
14794,7,7
9218,6,6
26152,9,9
39237,1,1
27009,6,6
24206,2,2
5907,9,9
12322,0,0
37899,0,0
9565,8,8
22861,4,4
34641,9,9
16325,3,3
5451,4,4
5517,6,6
16756,3,3
25683,8,8
40837,0,0
26909,9,9
28343,0,0
33725,7,7
16233,1,1
9627,2,2
3956,8,8
28997,8,8
7289,3,3
31222,4,4
33659,5,5
4874,0,0
32347,2,2
2939,6,6
3912,9,9
17812,4,4
18870,7,7
27849,3,3
7941,0,0
34622,7,7
37633,1,1
35570,3,3
39533,0,0
38465,1,1
30219,2,2
33306,4,4
645,1,1
32231,9,9
37348,7,7
10194,7,7
29857,6,6
5078,4,4
41654,3,3
19402,7,7
2623,9,9
8579,9,9
8645,7,7
19267,6,6
18357,8,8
16330,2,2
16923,0,0
24407,3,3
14157,8,8
1518,2,2
30426,5,5
6863,4,4
31142,4,4
3489,5,5
10984,1,1
21319,7,7
13682,8,8
32060,6,6
27549,7,7
25779,6,6
13471,2,2
12291,3,3
21913,8,8
4408,7,7
9344,2,2
15756,5,5
36934,4,4
13122,1,1
31136,3,3
3955,4,4
2468,2,2
22773,1,1
20673,0,0
32992,2,2
33793,9,9
27515,4,4
11186,8,8
39396,9,9
10765,1,1
14925,2,2
32659,5,5
35827,4,4
22374,1,1
27245,2,2
22549,0,0
5708,9,9
20399,2,2
34695,7,7
3104,5,5
7756,4,4
36416,8,8
18843,6,6
7821,3,3
41812,1,1
29582,8,8
29710,7,7
23831,8,8
34584,4,4
11385,3,3
17053,0,0
2946,0,0
40720,2,2
41010,8,8
31128,4,4
10932,5,5
13259,0,0
12989,7,7
34556,1,1
37658,6,6
18304,8,8
21684,7,7
11874,5,5
27898,4,4
33615,9,9
17440,0,0
14122,8,8
9513,3,3
7344,8,8
4343,6,6
35829,8,8
17165,9,9
39745,9,9
37205,2,2
9317,7,7
18335,7,7
5949,5,5
18266,9,9
31024,4,4
26438,4,4
18998,8,8
1434,3,3
19571,0,0
10105,2,2
39919,4,4
139,3,3
36789,5,5
9284,3,3
32256,2,2
30835,6,6
33698,7,7
19047,5,5
2473,0,0
16226,5,5
9480,9,9
28340,1,1
17892,6,6
24615,2,2
30040,5,5
25958,6,6
20290,2,2
7337,4,4
12458,8,8
4773,9,9
32408,9,9
7641,1,1
24131,2,2
25870,0,0
31786,2,2
1269,7,7
33782,9,9
35431,4,4
33717,9,9
25894,7,7
12261,3,3
30849,8,8
3939,4,4
41460,8,8
7041,9,9
21953,8,8
9572,2,2
18155,1,1
15993,5,5
32204,8,8
15819,2,2
2645,8,8
13318,2,2
8912,9,9
28001,1,1
22541,0,0
7624,3,3
41436,4,4
36514,0,0
21151,8,8
27901,4,4
37820,8,8
8566,8,8
19358,2,2
26986,8,8
11549,4,4
16082,7,7
3681,7,7
4859,8,8
27030,7,7
16757,9,9
28574,1,1
26850,5,5
29316,4,4
27636,6,6
7373,0,0
14719,6,6
40862,0,0
35621,7,7
2146,8,8
17404,7,7
13101,3,3
2481,9,9
39369,3,3
10615,4,4
12862,5,5
5483,3,3
29640,9,9
26322,1,1
15041,3,3
3457,4,4
17504,8,8
26890,6,6
5762,8,8
39989,6,6
97,2,2
41642,9,9
12739,7,7
36633,0,0
16347,4,4
25427,5,5
11197,2,2
15735,9,9
10190,1,1
28356,5,5
10015,7,7
26355,7,7
26891,6,6
10872,0,0
28323,0,0
12339,7,7
5143,6,6
23860,2,2
35289,1,1
816,7,7
6060,0,0
41386,9,9
27908,6,6
16902,7,7
32085,8,8
25470,4,4
23412,6,6
29870,9,9
8035,1,1
32799,6,6
13167,6,6
37792,3,3
2860,5,5
35656,7,7
91,6,6
18348,3,3
32337,0,0
26767,5,5
31802,6,6
33215,0,0
29031,1,1
22780,6,6
11662,7,7
40601,6,6
6883,9,9
2426,2,2
22896,3,3
17557,8,8
28772,8,8
29013,6,6
35992,1,1
41410,4,4
712,8,8
3822,7,7
4840,4,4
34426,3,3
1252,6,6
31256,0,0
10261,8,8
15114,7,7
14091,7,7
15422,6,6
21638,4,4
41707,0,0
32514,5,5
8569,1,1
22924,7,7
4172,1,1
12019,8,8
36447,9,9
29359,9,9
33014,9,9
9605,8,8
41975,9,9
1881,0,0
7996,0,0
17750,6,6
38328,9,9
37353,6,6
5681,0,0
20866,3,3
305,9,9
1285,0,0
32007,9,9
18274,6,6
22387,7,7
27737,7,7
30919,8,8
15119,7,7
3102,9,9
21946,8,8
11025,6,6
30834,9,9
25875,7,7
2351,6,6
5365,9,9
205,4,4
30596,0,0
24378,3,3
29151,4,4
40914,5,5
14184,4,4
6050,8,8
4386,5,5
35726,1,1
32141,8,8
32822,1,1
6023,1,1
39330,3,3
20921,9,9
5087,3,3
13176,1,1
31762,1,1
30941,7,7
25062,6,6
30615,8,8
2779,1,1
34375,1,1
15914,4,4
9485,2,2
12481,9,9
14663,0,0
422,6,6
15455,9,9
19343,2,2
31913,7,7
24484,1,1
7922,6,6
41241,4,4
40293,4,4
23133,5,5
17936,9,8
37558,2,2
23739,8,8
39425,1,1
37743,3,3
15693,4,4
25665,1,1
10123,0,0
33434,0,0
9043,5,5
40427,6,6
8430,5,5
38472,4,4
34116,9,9
5734,3,3
31831,6,6
20306,9,9
26883,1,1
30334,1,1
1461,4,4
27135,2,2
37557,9,9
24807,0,0
11814,6,6
3773,5,5
14795,8,8
10053,8,8
40705,2,2
18290,1,1
18842,3,3
18483,1,1
20858,1,1
15560,6,6
10948,6,6
36199,8,8
8787,6,6
18000,7,7
30458,7,7
17220,8,8
35538,3,3
11790,4,4
15297,5,5
31441,0,0
24014,1,1
18774,1,1
31778,3,3
746,5,5
41810,8,8
32776,7,7
30535,8,8
39800,7,7
8855,7,7
8654,3,3
28238,5,5
4470,0,0
36632,0,0
28737,9,9
14738,3,3
39530,7,7
3404,5,5
17724,2,2
8691,2,2
360,2,2
3626,1,1
33574,7,7
17439,4,4
38980,4,4
22760,6,6
557,5,5
1550,0,0
8355,6,6
40645,8,8
38411,3,3
24980,2,2
29726,6,6
40128,3,3
850,8,5
24373,1,1
15278,1,1
22726,4,4
30875,8,8
32775,2,2
7682,0,0
1681,2,2
37597,5,5
12267,9,9
27221,0,0
12013,2,2
17040,7,7
18815,6,6
27909,8,8
26053,5,5
4688,3,3
9557,1,1
3963,5,5
36858,6,6
13110,8,8
19231,2,2
2804,8,8
38182,4,4
31977,0,0
39577,5,5
35437,6,6
18997,5,5
14311,8,8
5460,0,0
1320,3,3
26086,7,7
13968,8,8
36742,8,8
7353,2,2
18163,7,7
21586,1,1
22458,3,3
21272,8,8
39761,4,4
21176,9,9
6833,6,6
9683,3,3
37427,5,5
33827,9,9
34952,1,1
18039,6,6
40927,0,0
27077,7,7
33456,5,5
5549,3,3
673,4,4
14401,7,7
23542,3,3
15015,3,3
33323,1,1
33924,2,2
19565,3,3
12981,2,2
15557,3,3
10381,1,1
13130,5,5
11866,3,3
16920,8,8
36189,6,6
9941,7,7
24776,1,1
33427,9,9
21140,8,8
7483,5,5
37176,7,7
41941,5,5
11807,4,4
39386,3,3
38610,5,5
29900,3,3
1414,8,8
3418,1,1
24578,1,4
7423,6,6
8009,9,9
22096,7,7
9466,3,3
24390,5,5
15062,9,9
40935,3,3
20287,4,4
31963,5,5
7104,3,3
613,7,7
37415,5,5
39029,5,5
5416,7,7
4344,8,8
13771,8,8
31111,8,8
20111,0,0
23026,4,4
12444,9,9
24050,3,3
39905,6,6
13179,6,6
20574,1,1
14152,6,6
8043,4,4
10813,8,8
13247,5,5
24569,2,2
38996,0,0
3832,9,9
32491,3,3
13804,2,2
18646,4,4
35578,6,6
17946,4,4
15342,3,3
29788,1,1
12773,8,8
22920,2,2
16720,7,7
15355,4,4
38907,9,9
22906,8,8
1794,8,8
745,1,1
19301,8,8
17620,0,0
12574,7,7
20976,1,1
35506,4,4
36953,0,0
40210,0,0
41291,4,4
17837,0,0
8625,3,3
29914,7,7
27723,2,2
34846,9,9
19123,0,0
39680,2,2
1138,4,4
21075,6,6
33454,6,6
27255,7,7
31917,9,9
36348,5,5
29744,1,1
6724,8,8
31527,4,4
36496,8,8
12749,2,2
12538,8,8
32335,6,6
30938,6,6
34750,3,3
29104,4,4
92,4,4
12168,7,7
5220,2,2
33037,4,4
41237,8,8
7544,9,9
1715,3,3
29621,4,4
30336,1,1
41838,4,4
3942,0,0
5210,8,8
12302,3,3
26099,9,9
4243,5,5
31266,7,7
13545,1,1
40136,8,8
13902,0,0
15265,0,0
41703,4,4
17573,9,9
22572,1,1
7629,8,8
26405,7,7
39301,0,0
24036,0,0
35751,1,1
14709,2,2
26081,2,2
32670,4,4
17425,6,6
37014,1,1
6626,6,6
41246,9,9
10334,7,7
20053,7,7
19304,2,2
1627,5,5
25327,5,5
32986,3,3
39642,4,4
36306,5,5
34764,2,2
394,3,3
21307,3,3
20367,4,4
94,2,2
39361,0,0
7496,6,6
20767,9,9
28624,9,9
13749,0,0
17311,0,0
28492,9,9
650,4,4
19534,4,4
40755,4,4
35379,7,7
27086,4,4
33460,6,6
625,6,6
5728,4,4
33834,6,6
34236,2,2
5768,2,2
28397,1,1
21902,1,1
23817,9,9
28743,5,5
4067,5,5
12204,8,8
5901,6,8
20156,5,5
22464,4,4
20147,6,6
4261,3,3
30663,9,9
31461,2,2
34711,2,2
17617,9,9
30491,7,7
27653,2,2
29017,8,8
35471,5,5
34773,4,4
15288,5,5
39851,6,6
41544,9,9
14341,9,9
13624,1,1
11068,2,2
22093,3,3
2160,5,5
37643,4,4
24435,6,6
27226,4,4
25471,9,9
37843,8,8
38645,8,8
23613,5,5
15232,0,0
8814,2,2
9055,5,5
35090,5,5
28348,1,1
8500,4,4
19554,8,8
10563,6,6
12162,8,8
12287,9,9
3515,5,5
39159,4,4
30819,6,6
19978,2,2
6727,8,8
11811,1,1
11280,1,1
17382,3,3
33165,1,1
3186,9,9
12673,3,3
16667,6,6
33324,9,5
9217,7,7
29849,4,4
28312,0,0
15618,5,5
28002,3,3
10758,5,5
14074,6,6
38049,8,8
26761,1,1
2969,1,1
11442,1,1
28438,4,4
33283,0,0
25487,9,9
15703,7,7
26650,9,9
19115,7,7
11844,0,0
341,2,2
39428,8,8
1124,4,4
21758,9,9
32268,6,6
18691,0,0
34308,6,6
31371,1,1
8575,1,1
5663,0,0
7463,1,1
33505,2,2
14066,7,7
19139,6,6
11712,6,6
9813,3,3
1243,4,4
4191,7,2
12240,3,3
39819,1,1
2038,0,0
3528,7,7
24246,4,4
9687,0,0
759,2,2
29386,9,9
37503,9,9
35120,3,3
25659,4,4
4759,2,2
3137,2,2
12865,4,4
31967,8,8
8497,0,0
9828,9,9
17200,2,2
14121,2,2
29552,4,4
19381,4,4
27401,2,2
36865,4,4
1542,0,0
37656,2,2
9987,5,5
5409,7,7
4610,2,2
32250,1,1
6544,5,5
19245,9,9
38614,0,0
16457,5,5
37651,2,2
26469,8,8
13061,8,8
37772,4,4
8280,6,6
24163,6,6
30003,0,0
27028,7,7
32215,6,6
31299,9,9
2095,2,2
7846,6,6
28862,8,8
32293,2,2
19643,1,1
8511,8,8
18385,1,1
33340,0,0
3735,1,1
3497,4,4
25121,9,9
19833,7,7
26502,2,2
36666,9,9
15809,9,9
21880,8,8
39105,4,4
11835,4,4
15924,6,6
34298,2,2
9077,0,0
8864,1,1
516,4,4
10877,6,6
18152,1,1
14,3,3
22396,1,1
30347,8,8
38354,8,8
30116,1,1
20725,0,0
7183,3,3
23400,9,9
16283,2,2
13752,3,3
32316,9,9
21278,1,1
19841,0,0
9545,0,0
27150,4,4
6463,5,5
23848,0,0
23443,0,0
875,6,6
32373,0,0
2336,2,2
12747,9,9
14478,8,8
9181,4,4
26668,4,4
11803,7,7
31898,7,7
25077,9,9
15263,0,0
12220,1,1
10964,3,3
30789,2,2
2227,5,5
30763,0,0
4820,7,7
14552,8,8
3706,2,2
7492,1,1
7636,7,7
21456,8,8
30388,8,8
41739,1,1
15115,0,0
33802,7,7
27925,1,1
7354,6,6
37637,1,1
40305,1,1
14438,6,6
13381,0,0
15679,1,1
25733,7,7
2646,7,7
41074,9,9
4658,8,8
34179,3,3
37263,8,8
22836,2,2
10354,2,2
672,8,8
41066,1,1
19847,8,8
28814,0,0
13699,1,1
18911,1,1
22353,6,6
10515,5,5
39231,0,0
16039,4,4
22148,6,6
19686,4,4
6640,0,0
592,9,9
11886,2,2
34790,1,1
33131,2,2
34194,1,1
32827,7,7
6973,7,7
5520,3,3
32226,1,1
40469,8,8
33777,8,8
16879,2,2
19548,0,0
6897,5,5
11478,0,0
1084,6,6
25497,2,2
10274,5,5
30656,1,1
34992,3,3
15887,1,1
15,1,1
21057,3,3
14769,3,3
24669,2,2
30685,1,1
11006,9,9
6457,1,1
26364,9,9
8438,9,9
12199,4,4
12558,3,3
30765,5,5
23229,1,1
1136,8,8
32528,5,5
4815,8,8
15163,4,4
33021,3,3
40917,7,7
33108,2,2
34684,5,5
9467,5,5
21594,4,4
40904,3,3
30323,1,1
18148,0,0
8573,5,5
16117,1,1
5716,9,9
41370,0,0
37600,1,1
12993,3,3
19892,8,8
22840,5,5
23757,0,0
17452,1,1
6407,6,6
37190,7,7
13612,5,5
4476,4,4
36594,8,8
15238,0,0
38251,1,1
36310,0,0
39770,1,1
5677,1,1
19547,1,1
9781,5,5
5085,4,4
12200,1,1
41781,3,3
31436,7,7
24027,2,2
31855,3,3
4588,8,8
19192,0,0
8473,5,5
1896,3,3
12576,2,2
8266,7,7
5082,6,6
27859,1,1
35274,3,3
17781,9,9
16712,9,9
21265,1,1
18004,9,9
15400,5,5
17780,3,3
3840,2,2
6053,3,3
32971,5,5
27670,8,8
9506,7,7
4301,3,3
1508,6,6
7956,5,5
25086,3,3
32223,3,3
41102,2,2
22844,7,7
11394,1,1
17921,5,5
19778,8,8
37705,7,7
26142,8,8
4946,4,4
38720,1,1
38603,0,0
5201,1,1
17966,3,0
7042,2,2
19061,0,0
33043,8,8
25476,9,9
33748,1,1
32904,4,4
17933,0,0
35125,1,1
19010,5,5
41297,6,6
8594,8,8
6603,1,1
3664,8,8
28693,1,1
31561,1,1
40162,9,9
31709,1,1
28267,9,9
13810,7,7
23529,9,9
10570,3,3
20604,1,1
31906,7,7
39220,0,0
16907,0,0
33126,5,5
20266,6,6
12129,9,9
33534,8,8
10096,0,0
21653,3,3
40580,6,6
39344,5,5
31172,1,1
3598,5,5
27076,8,8
16469,1,1
10189,1,1
19500,3,3
5389,2,2
4244,2,2
19948,9,9
24316,2,2
29377,3,3
4919,1,1
4366,6,6
11126,5,5
32851,8,8
34968,0,0
37667,8,8
10580,1,1
4295,9,9
31262,1,1
18331,4,4
17493,3,3
26253,1,1
24017,0,0
30665,4,4
14909,2,2
23829,8,8
13314,7,7
30298,6,6
1729,0,0
35432,7,7
14039,8,8
17255,4,4
5173,3,3
3538,6,6
13866,3,3
36436,9,9
24841,2,2
37678,9,9
39189,8,8
23169,8,8
17644,3,3
2223,4,4
17820,8,8
20470,0,0
1504,4,4
29510,5,5
14247,8,8
41517,5,5
37097,3,3
36919,8,8
9486,0,0
27991,7,7
12605,9,9
15296,2,2
13679,7,7
24935,7,7
24583,2,2
25039,0,0
19566,3,3
36536,4,4
28924,3,3
28339,1,1
10219,4,4
32610,0,0
37554,9,9
24910,1,1
2837,6,6
504,7,7
26613,1,1
779,9,9
32077,6,6
28721,4,4
19578,5,5
18486,7,7
38300,5,5
40519,9,9
29773,3,3
41978,4,4
34811,5,5
2750,5,5
7502,3,3
40778,3,3
14857,3,3
2496,3,3
34232,7,7
28305,0,0
28873,0,0
40332,2,2
15073,6,6
28368,1,1
9577,4,4
29351,5,5
30937,9,9
37160,1,1
17579,3,3
13800,0,0
24645,6,6
729,3,3
26579,9,9
38840,2,2
27291,3,3
22328,7,7
20184,5,5
41292,1,1
4737,7,7
33366,2,2
17619,6,6
26043,0,0
4428,5,5
6987,7,7
7972,8,8
31032,1,1
14608,7,7
22941,6,6
8305,0,0
28852,2,2
39739,1,1
16055,3,3
18883,4,4
29699,3,3
23942,3,3
14373,5,3
30252,8,8
24580,3,3
36779,4,4
32049,8,8
27108,1,1
1991,0,0
17795,5,5
21521,4,4
24227,7,7
23589,6,6
8933,5,5
23917,8,8
21110,0,0
7338,1,1
8077,3,3
15472,7,7
39421,1,1
18790,5,5
988,8,8
27281,1,1
31973,8,8
14880,0,0
10026,4,4
8349,7,7
20408,6,6
31854,3,3
40873,0,0
1171,1,1
11795,3,3
4173,5,5
16315,2,2
34943,8,8
30776,6,6
3672,5,5
26516,8,8
8635,3,3
13245,7,7
25654,7,7
19611,0,0
11757,2,2
9086,0,0
10926,2,2
29100,4,4
41253,6,6
31375,7,7
6576,1,1
9508,1,1
1641,1,1
34626,8,8
31251,0,0
4593,6,6
16248,6,6
24441,6,6
29418,3,3
12748,7,7
34772,2,2
34178,7,7
7232,5,5
20541,4,4
16156,0,0
11448,7,7
10842,8,8
1824,3,3
6279,0,0
34074,0,0
16353,0,0
27436,2,2
13710,6,6
9178,0,0
25716,5,5
18824,6,6
17252,0,0
8591,6,6
3661,7,7
14576,6,6
17655,5,5
29535,5,5
40454,0,0
23786,6,6
41615,1,1
7683,5,5
25856,1,1
38466,8,8
29635,5,5
39655,1,1
6849,4,4
21966,9,9
13542,7,7
5895,0,0
25153,2,2
9505,2,2
11937,2,2
25806,2,2
20610,7,7
6455,9,9
21274,0,0
1978,8,8
32460,7,7
3699,0,0
36137,4,4
7812,9,9
10902,6,6
25829,3,3
31865,6,6
36444,0,0
37955,4,4
21515,1,1
28151,6,6
10024,8,8
9961,9,9
40918,9,9
1442,7,7
11796,5,5
19757,7,7
12847,0,0
27690,3,3
31261,3,3
34071,3,3
21639,7,7
19819,9,9
24897,2,2
12623,3,3
37215,3,3
34526,6,6
36077,0,0
236,2,2
15187,7,7
24628,0,0
27822,0,0
1281,0,0
36613,6,6
40647,2,2
14457,1,1
34537,1,1
39422,7,7
17632,2,2
22108,1,1
8101,2,2
14254,4,4
8221,1,1
29832,2,2
11003,8,8
24840,3,3
32741,7,7
13039,7,7
3930,8,8
22940,9,9
15991,8,8
3006,9,9
20351,5,5
19247,7,7
35386,1,1
22437,1,1
12701,0,0
30422,2,2
9937,4,4
266,6,6
25814,4,4
39262,9,9
17636,3,3
19535,7,7
38421,9,9
40072,1,1
38474,8,8
2032,8,8
37102,6,6
22571,4,4
7813,7,7
20684,0,0
10535,6,6
27370,4,4
23654,7,7
17505,2,2
37333,5,5
21271,7,7
171,8,8
23723,7,7
8512,4,4
19654,9,9
18674,4,4
20127,1,1
41609,8,8
2527,2,2
14900,7,7
20311,6,6
29774,8,8
15454,0,0
33407,8,8
14420,0,0
23641,2,2
8334,2,2
34752,7,7
1137,3,3
25299,8,8
33627,3,3
14727,6,6
13668,4,4
39317,6,6
33606,5,5
8853,5,5
31241,2,2
35720,0,0
39125,9,9
9107,3,3
20114,2,2
5870,8,8
19523,2,2
17132,6,6
8642,7,7
11627,9,9
18420,9,9
12729,0,0
19550,8,8
37809,9,9
4731,5,5
3694,6,6
14989,9,9
29943,0,0
33411,1,1
33560,6,6
27063,2,2
29041,5,5
33569,9,9
4064,6,6
7631,7,7
19130,8,8
567,2,2
17846,0,0
34215,6,6
219,3,3
38081,6,6
6644,9,9
34546,8,8
37715,1,1
18127,8,8
22914,8,8
19090,4,4
30854,5,5
40604,5,5
35493,9,9
1828,7,7
15502,4,4
29910,7,7
1044,1,1
7575,7,7
22788,7,7
39274,7,7
8440,1,1
32588,5,5
39376,5,5
27409,2,2
555,0,0
28111,0,0
25411,4,4
39847,5,5
19639,3,3
5376,2,2
34014,9,9
17894,7,7
29274,9,9
38335,6,6
29340,8,8
8463,0,0
32151,4,4
26202,8,8
25106,7,7
4379,1,1
14924,2,2
23432,1,1
34287,0,0
18479,5,5
34703,8,8
19601,2,2
17232,3,3
29141,1,1
32422,4,4
5437,8,8
12975,8,8
1408,2,2
31712,8,8
3665,8,8
17115,4,4
16547,4,4
9256,5,5
37682,4,4
41052,9,9
38158,2,2
35306,0,0
8392,1,1
34276,9,9
21717,7,7
302,2,2
24474,0,0
20281,8,8
31814,1,1
12115,6,6
14850,6,6
38523,5,5
9219,5,5
6298,9,9
4957,0,0
27040,6,6
399,6,6
9203,6,6
41411,6,6
13032,1,1
34213,4,4
19147,2,2
1703,5,5
29172,7,7
30157,7,7
16993,2,2
35770,1,1
35875,5,5
19607,4,4
9591,7,7
36503,5,5
36212,4,4
41282,1,1
2166,2,2
4996,5,5
9714,1,1
905,2,2
33380,8,8
12494,9,9
38911,0,0
19436,1,1
25872,5,5
22448,9,9
23796,0,0
17013,2,2
32599,1,1
12927,7,7
33796,5,5
14827,1,1
6369,0,0
114,0,0
30006,7,7
19703,6,6
36241,4,4
1393,7,7
21764,8,8
28301,7,7
19261,0,0
11959,8,8
24809,9,9
33345,9,9
29534,6,6
37393,0,0
18287,8,8
1719,3,3
5958,4,4
33498,0,0
7968,7,7
29239,2,2
3425,4,4
19351,1,1
32328,5,5
20993,3,3
30966,3,3
37091,5,5
6625,3,3
25714,7,7
14992,3,3
16436,6,6
12177,7,7
6911,7,7
2319,8,8
32450,2,2
12478,7,7
5507,0,0
6752,4,4
16760,6,6
18979,9,9
40435,3,3
6191,3,3
6293,8,8
2379,4,4
38478,4,4
16139,1,1
32210,3,3
36820,7,7
31937,2,2
3105,0,0
21766,3,3
11850,1,1
40222,8,8
23795,5,5
36584,1,1
39498,3,3
27162,2,2
35634,2,2
30839,7,7
4657,8,8
35550,0,0
33864,9,9
2718,8,8
15033,6,6
20692,4,4
12096,5,5
36592,6,6
16038,2,2
25528,8,8
7187,8,8
31464,8,8
36981,9,9
12939,8,8
27337,1,1
11161,0,0
22902,1,1
8366,9,9
6705,8,8
36472,7,7
30368,5,5
21391,0,0
20257,5,5
19219,3,3
12114,3,3
4991,1,1
1699,4,4
24813,4,4
34006,2,2
36268,4,4
41313,8,8
23890,9,9
22919,7,7
40571,9,9
13739,5,5
25919,3,3
8346,2,2
22680,8,8
34520,3,3
14206,3,3
101,2,2
37290,9,0
12778,6,6
34101,6,6
22841,2,2
21396,1,1
8081,9,9
23933,4,4
2116,8,8
35072,8,8
17975,8,8
5439,9,9
36711,8,8
33285,5,5
20451,2,2
20212,3,3
8398,4,4
29113,8,8
865,4,4
30583,1,1
28517,0,0
12258,5,5
13673,5,5
32345,7,7
8783,0,0
13355,3,3
4281,3,3
1238,3,3
13670,4,4
6117,6,6
14939,1,1
28586,4,4
33942,8,8
29303,5,5
17959,6,6
2165,6,6
38352,5,5
24666,3,3
4226,9,4
8633,4,4
25276,5,5
1811,5,5
11053,6,6
31058,0,0
23544,3,3
26684,5,5
22505,2,2
7137,5,5
4313,3,3
9456,4,4
12511,0,0
36827,1,1
22229,7,7
31833,2,2
29642,9,9
28601,6,6
2539,6,6
19137,7,7
32843,5,5
15499,2,2
32516,2,2
5447,9,9
38497,1,1
29480,1,1
4627,2,2
27336,3,3
5884,3,3
28019,4,4
468,1,1
31572,4,4
11239,1,1
15998,1,1
19998,8,8
24025,9,9
30096,8,8
26575,5,5
36486,4,4
7684,9,9
22856,6,6
38005,8,8
39234,0,0
30557,4,4
38742,3,3
22066,5,5
9680,6,6
5366,7,7
31013,4,4
6480,7,7
25615,3,3
10889,3,3
6518,4,4
33297,5,5
8482,5,5
41239,0,0
4114,9,9
24802,6,6
29495,8,8
38450,0,0
27432,3,3
38418,4,4
38715,6,6
40527,2,2
5603,4,4
29569,5,5
443,5,5
13667,2,2
14561,1,1
7590,3,3
33699,7,7
21864,4,4
13974,2,2
26916,0,0
3154,4,4
1658,7,7
6591,8,8
12294,6,6
14181,9,9
20185,5,5
36668,2,2
36565,1,1
33879,2,2
41979,4,4
11545,0,0
39242,5,5
7562,7,7
27976,0,0
1847,6,6
10689,1,1
29352,0,0
13060,5,5
18783,7,7
30952,3,3
22184,5,5
28735,8,8
13015,7,7
10512,2,2
11389,1,1
17577,2,2
22555,5,5
38351,8,8
9477,2,2
2589,1,1
13610,7,7
32930,3,3
31910,0,0
8893,7,7
25136,7,7
12837,3,3
20330,5,5
35242,7,7
30962,8,8
6822,7,7
8524,5,5
18445,5,5
36373,0,0
465,2,2
17546,1,1
22284,0,0
18154,3,3
2017,9,9
4599,4,4
2773,7,7
12709,4,4
8813,8,8
30203,9,9
33779,5,5
34408,4,4
16481,5,5
34211,2,2
1763,7,7
6261,8,8
13904,7,7
11640,3,3
14530,4,4
22059,8,8
35292,4,4
26645,7,7
18016,3,3
148,4,4
6938,6,6
18452,3,3
38712,2,2
6105,2,2
40007,1,1
23851,1,1
11483,0,0
12482,9,9
27022,7,7
20516,4,4
10272,9,9
13156,1,1
26517,3,3
4763,9,9
29428,2,2
32920,2,2
32330,6,6
14412,3,3
3511,6,6
37701,3,3
39517,8,8
23365,6,6
39578,3,3
4716,1,1
6166,9,9
299,4,4
2102,6,6
35388,7,7
26899,9,9
4228,0,0
16475,8,8
18478,1,1
12259,4,4
19041,3,3
13634,5,5
31528,4,4
7368,4,4
32592,3,3
20974,5,5
35505,1,1
31254,3,3
4952,8,8
397,2,2
29867,2,2
20419,3,3
36230,5,5
7557,0,0
29439,9,9
8648,7,7
6619,5,5
37147,1,1
16579,7,7
4707,6,6
29521,1,1
39399,6,6
6104,5,5
41576,8,8
21357,4,4
11503,2,2
4509,1,1
18218,1,1
6898,0,0
12539,2,2
13702,6,6
21472,1,1
35558,1,1
13705,5,5
29713,7,7
25600,7,7
33181,5,5
26420,7,7
24921,1,1
17015,7,7
12983,6,6
29841,5,5
10267,1,1
12648,5,5
30269,6,6
22925,2,2
30350,8,8
11094,2,2
16294,5,5
10485,1,1
15431,3,3
31462,7,7
23123,3,3
40598,6,6
10560,1,1
27643,2,2
37448,9,9
17772,3,3
9880,9,9
230,3,3
11626,6,6
15236,9,9
28630,9,9
9882,1,1
32286,5,5
14129,8,8
31800,2,2
24079,5,5
13984,0,0
41014,3,3
25043,9,9
29693,3,3
3362,4,4
6925,5,5
124,1,1
21528,4,4
29884,8,8
13635,0,0
29482,5,5
27202,6,6
28704,7,7
29555,3,3
16529,7,7
33671,0,0
22626,4,4
26532,2,2
36088,0,0
8247,1,1
28256,7,7
19222,0,0
14308,4,4
41457,4,4
8385,7,7
16686,4,4
4449,9,9
39998,0,0
3439,3,3
30488,7,7
14423,3,3
16824,1,1
41689,8,8
8491,8,8
11472,5,5
13199,8,8
1432,6,6
38995,7,7
30007,3,3
22154,8,8
25574,8,8
30132,3,3
31498,9,9
19178,5,5
41093,8,8
36516,0,0
32023,8,8
26019,5,5
31899,1,1
2055,2,2
3810,1,1
40289,5,5
14469,9,9
15322,0,0
8779,8,8
28127,7,7
38513,2,2
12254,3,3
15960,0,0
24855,0,0
18566,4,4
20444,2,2
21383,2,2
34438,6,6
31724,1,1
1679,2,2
5438,4,4
32040,2,2
27110,9,9
3403,9,9
15478,9,9
9186,5,5
3999,4,4
34082,1,1
10896,3,3
8890,1,1
9430,6,6
276,0,0
14666,5,5
29603,2,2
34583,6,6
37552,6,6
34693,9,9
31362,1,1
8939,3,3
38683,4,4
9313,0,0
33951,7,7
32332,2,2
40643,9,9
6263,1,1
15138,3,3
36512,6,6
19701,8,8
17416,1,1
24923,9,4
21681,3,3
39083,9,9
11328,2,2
5333,9,9
9318,1,1
26933,1,1
4523,1,1
29408,4,4
24661,6,6
5823,3,3
18568,9,9
26605,9,9
27408,2,2
18565,3,3
28701,5,5
5880,3,3
36520,2,2
25425,8,8
29294,9,9
3844,5,5
16542,0,0
617,2,2
2659,9,9
11190,6,6
2801,6,6
1653,4,4
34713,0,0
40981,7,7
19012,7,7
19186,3,3
3444,7,7
33478,0,0
6489,7,7
36754,6,6
5,0,0
7033,8,8
34723,1,1
36740,1,1
27526,9,9
31100,5,5
25912,1,1
29697,1,1
8307,0,0
11426,4,4
21804,3,3
24685,4,4
18207,4,4
6696,2,2
19724,0,0
1386,9,9
10990,0,0
31853,6,6
8891,6,6
15117,6,6
33998,7,7
41614,0,0
9603,9,9
9391,2,2
27283,6,6
40141,4,4
29297,5,5
18255,8,8
2643,9,9
18536,4,4
29860,2,2
13277,3,3
35758,9,9
29323,9,9
37055,3,3
30572,5,5
5933,9,9
25124,5,5
16091,4,4
4150,3,3
17207,8,8
14120,4,4
23280,1,1
14190,5,5
38955,6,6
4839,4,4
6035,3,3
33999,9,9
23555,4,4
35922,1,1
26804,4,4
38688,5,5
10013,5,5
26833,7,7
10887,5,5
1998,5,5
16769,6,6
25108,5,5
40860,3,3
38336,2,2
17720,0,0
33092,5,5
20856,5,5
25722,1,1
7003,0,0
20326,6,6
2080,7,7
29270,6,6
19775,3,3
35936,3,3
31364,2,2
41985,3,3
19996,9,9
13962,1,1
25157,1,1
34267,9,9
13967,9,9
30716,2,2
6951,4,4
7302,1,1
36284,2,2
33317,7,7
23070,0,0
16794,8,8
2434,9,9
22212,7,7
25640,6,6
14387,9,9
1145,1,1
41042,9,9
8372,3,3
29328,1,1
31871,6,6
15915,2,2
3879,4,4
40539,7,7
36932,2,2
4095,0,0
41894,3,3
17375,3,3
34691,6,6
4607,5,5
24173,7,7
20196,4,4
13120,4,4
26939,2,2
33166,7,7
22758,7,7
39582,9,9
36630,1,1
35342,1,1
23019,1,1
40631,4,4
24073,3,3
13295,2,2
41639,0,0
41449,8,8
41561,7,7
36402,7,7
24641,0,0
21780,7,7
13997,6,6
39608,4,4
31584,6,6
20049,1,1
24636,7,7
37542,6,6
21125,1,1
32872,6,6
2011,9,9
21689,8,8
33528,0,0
1263,6,6
16339,9,9
31060,2,2
27044,2,2
2654,0,0
24668,9,9
23840,4,4
20110,9,9
35402,9,9
3077,9,9
23780,8,8
32570,2,2
11702,8,8
3082,8,8
36557,1,1
24263,9,9
39607,1,1
29411,9,9
2501,7,7
7084,1,1
11058,9,9
2018,3,3
32990,3,3
15237,1,1
3782,6,6
22135,5,5
23236,3,3
22809,8,8
16972,2,2
10742,9,9
284,3,3
9907,7,7
40151,3,3
17370,5,5
11540,7,7
5003,6,6
12298,6,6
6676,7,7
8139,1,1
5754,4,4
5518,8,8
25312,3,3
13378,3,3
26979,9,9
22703,7,7
12068,3,3
29739,8,8
10406,2,2
28539,6,6
3887,1,1
18735,0,0
3270,3,3
21405,3,3
39852,8,8
35815,8,8
11062,0,0
37860,0,0
2230,1,1
5739,3,3
15940,8,8
9417,9,9
12998,4,4
20863,5,5
568,3,3
14168,7,7
4615,9,9
20906,5,5
33805,5,5
24214,8,8
1195,6,6
13148,1,1
24295,5,5
37180,5,5
23752,8,8
7457,0,0
11013,4,4
34738,8,8
38310,6,6
3962,0,0
34613,7,7
21930,0,0
26970,6,6
3660,5,5
5212,4,4
6067,2,2
32656,0,0
40233,5,5
8747,5,5
12912,4,4
23997,9,9
41002,1,1
9504,1,1
33566,3,2
31683,6,0
37414,9,9
18457,0,0
21030,9,9
35606,3,3
22407,7,7
2513,9,9
28738,6,6
23742,4,4
19424,6,6
19434,9,9
13638,7,7
41835,6,6
37051,1,1
24450,5,5
24905,5,5
28667,2,2
16967,7,7
31096,8,8
1981,6,6
33873,7,7
31017,1,1
769,2,2
12717,4,4
30671,6,6
40495,2,2
11162,1,1
20027,9,9
31954,4,4
32125,8,8
31821,6,6
24629,7,7
10404,1,1
15947,3,3
15633,3,3
31571,3,3
24018,5,5
3505,1,1
30614,5,5
6415,0,0
10147,3,3
10400,4,4
29743,5,5
22986,3,3
28784,2,2
13600,7,7
16467,2,2
9429,9,9
15886,9,9
14261,0,0
31281,8,8
36031,4,4
35415,0,0
40497,7,7
33600,0,0
19837,5,5
12777,8,8
2448,4,4
22713,3,3
39993,3,3
18367,8,8
37135,5,5
17502,0,0
33423,0,0
29338,5,5
21305,7,7
21222,7,7
162,5,5
8118,5,5
28428,5,5
6189,6,6
9314,1,1
33481,7,7
38185,3,3
6380,8,8
26268,8,8
35939,9,9
15067,5,5
1488,9,9
14410,1,1
40614,8,8
16307,0,0
20510,5,5
16567,2,2
5225,1,1
12403,9,9
36338,8,8
220,8,8
311,3,3
11384,2,2
36887,7,7
37075,1,1
39599,2,2
9424,6,6
10803,5,6
32193,6,6
17414,2,2
35943,8,8
37836,4,4
29725,7,7
40686,5,5
36796,0,0
1232,4,4
5240,3,3
19290,6,6
19929,6,6
13336,4,4
15625,7,7
29656,0,0
38325,2,2
22514,7,7
27651,2,2
30061,9,9
26343,3,3
31928,1,1
19800,5,5
7652,1,1
36301,6,6
1227,0,0
17348,4,4
39840,8,8
540,1,1
30194,8,8
28272,1,1
22254,5,5
1642,1,1
13780,1,1
37829,9,9
6940,4,4
17778,5,5
8102,6,6
33775,7,7
8623,6,6
24241,1,1
36437,5,5
13464,1,1
36715,1,1
39100,0,0
38673,1,1
3043,0,0
25999,3,3
15145,2,2
29912,7,7
9282,0,0
11714,9,9
12283,6,6
40045,4,4
27922,9,9
22092,9,9
7990,5,5
13935,3,3
25686,1,1
10226,0,0
30121,7,7
20037,0,0
5421,3,3
18611,7,7
14893,1,1
16755,3,3
2205,6,6
26828,0,0
24350,1,1
13009,3,3
29187,1,1
14906,7,7
28592,8,8
10207,0,0
2558,7,7
40796,5,5
26793,0,0
18074,0,0
13424,1,1
8656,8,8
7438,6,6
36045,6,6
36832,9,9
26247,1,1
9796,6,6
3440,4,4
11011,1,1
18650,9,9
36260,1,1
4836,6,6
14639,0,0
6132,0,0
32388,4,4
2126,1,1
16842,1,1
17385,1,1
10113,5,5
26753,9,9
2190,1,1
29435,0,0
28279,4,4
24877,9,9
21230,2,2
27224,3,3
10235,0,0
32277,6,6
9180,7,7
23792,0,0
38927,9,9
630,6,6
8605,5,5
41969,9,9
28446,5,5
2994,3,3
39215,3,3
2988,6,6
840,4,4
25270,7,7
12015,7,7
41259,5,5
31859,2,2
29644,4,4
5007,6,6
39648,6,6
37535,1,1
25752,5,5
7967,7,7
36108,4,4
40939,5,5
34700,0,0
36965,1,1
38245,2,2
23465,9,9
22206,8,8
32979,8,8
32009,4,4
15386,1,1
30082,4,4
22586,9,9
8990,0,0
24162,7,7
40318,3,3
1496,1,1
382,4,4
35607,5,5
37750,6,6
5881,6,6
21370,1,1
16092,9,9
7248,2,2
27456,4,4
22159,7,7
15918,1,1
569,5,5
33886,4,4
37300,5,5
29337,3,3
22058,6,6
31726,2,2
21488,6,6
21134,2,2
2363,1,1
25602,2,2
17144,7,7
22533,6,6
24839,3,3
22657,3,3
37650,5,5
39249,6,6
12654,8,8
20120,6,6
27395,3,3
8099,2,2
22359,2,2
41653,4,4
9188,2,2
31772,1,1
23262,2,2
35210,1,1
6262,3,3
13704,8,8
20063,9,9
13030,7,7
37931,3,3
6685,7,7
5963,7,7
843,7,7
1969,6,6
28299,6,6
21743,3,3
34770,7,7
7486,4,4
22266,1,1
39812,8,8
11158,0,0
11520,0,0
35119,0,0
33430,6,6
1253,0,0
33383,0,0
13172,2,2
41943,4,4
3409,8,8
35686,2,2
41489,1,1
19810,4,4
39849,4,4
21572,0,0
17475,6,6
41549,9,9
26505,1,1
398,4,4
15840,7,7
14998,9,9
26101,8,8
4042,9,9
11000,2,2
22363,8,8
16452,8,8
38665,3,3
38679,9,9
29646,7,7
36111,8,8
15338,3,3
27541,6,6
31870,8,8
24419,0,0
21474,9,9
19964,0,0
15152,6,6
23145,5,5
12866,5,5
23490,5,5
869,4,4
40752,3,3
3129,3,3
39609,2,2
2369,0,0
26701,9,9
7826,1,1
12416,6,6
19252,4,4
22101,2,2
35774,7,7
34627,7,7
32538,9,9
1517,5,5
38449,8,8
35762,2,2
7070,2,2
23815,0,0
174,5,5
10027,2,2
7039,5,5
35026,6,6
23029,7,7
27981,8,8
31810,9,7
8678,9,9
8819,6,6
34471,4,4
15459,2,2
30179,1,1
17175,1,1
33321,4,4
38493,3,3
21625,0,0
14103,0,0
5073,0,0
8509,6,6
17300,9,9
35104,3,3
28009,8,8
13339,0,0
12633,6,6
18171,2,2
29481,9,9
27590,5,5
27622,2,2
6007,4,4
31225,7,7
3183,2,2
34741,5,5
5981,9,9
